{
	"classtype": "kTable",
	"internalversion": 17,
	"designtaskname": "Startup_Task",
	"cvardefs": [

	],
	"ivardefs": [

	],
	"properties": {
		"collectperformancedata": false,
		"componenticon": 0,
		"componenttype": "kCompStoreHidden",
		"createdate": "2017-08-29 15:01:47",
		"desc": "",
		"editor": "",
		"editordata": "",
		"external": true,
		"issupercomponent": false,
		"moddate": "2018-05-20 14:31:25",
		"showascheckedout": true,
		"sqlclassname": "",
		"userinfo": "",
		"version": "0.1"
	}
}
