[
	{
		"name": "poolname",
		"ident": 32002,
		"order": 1,
		"type": "kCharacter",
		"subtype": "kSimplechar",
		"sublen": 100,
		"properties": {
			"desc": "",
			"nonull": false,
			"primarykey": false,
			"userinfo": ""
		}
	},
	{
		"name": "query",
		"ident": 32007,
		"order": 2,
		"type": "kCharacter",
		"subtype": "kSimplechar",
		"sublen": 10000,
		"properties": {
			"desc": "",
			"nonull": false,
			"primarykey": false,
			"userinfo": ""
		}
	},
	{
		"name": "bindvars",
		"ident": 32008,
		"order": 3,
		"type": "kList",
		"subtype": "",
		"sublen": 0,
		"properties": {
			"desc": "",
			"nonull": false,
			"primarykey": false,
			"userinfo": ""
		}
	}
]
