{
	"ident": 1013,
	"order": 8,
	"objtype": "kComponent",
	"componentlib": "jsLabel",
	"componentctrl": "Label Object",
	"properties": {
		"alpha": 255,
		"backalpha": 255,
		"backcolor": "RGB(255,255,255)",
		"contextmenu": "",
		"cssclassname": "",
		"dataname": "",
		"desgroup": 0,
		"designactive": true,
		"deslock": false,
		"disabledefaultcontextmenu": false,
		"disablesystemfocus": true,
		"dropmode": "kAcceptNone",
		"enabled": false,
		"events": "",
		"fieldstyle": "CtrlLabel",
		"font": 1,
		"fontsize": 10,
		"fontstyle": "kPlain",
		"objlink": 0,
		"preventlayoutanimation": false,
		"text": "Last Name",
		"textcolor": "kColorDefault",
		"textishtml": false,
		"tooltip": "",
		"userinfo": "",
		"vertcentertext": false,
		"visible": true
	},
	"layout": {
		"320": {
			"left": 155,
			"top": 56,
			"width": 160,
			"height": 20,
			"align": "kLeftJst",
			"dragborder": false,
			"edgefloat": "kEFnone",
			"errortextpos": "kJSErrorTextPosUnder",
			"visible": true
		},
		"768": {
			"left": 155,
			"top": 56,
			"width": 160,
			"height": 20,
			"align": "kLeftJst",
			"dragborder": false,
			"edgefloat": "kEFnone",
			"errortextpos": "kJSErrorTextPosUnder",
			"visible": true
		}
	}
}
