{
	"classtype": "kMenu",
	"internalversion": 30,
	"designtaskname": "Startup_Task",
	"nextident": 1013,
	"cvardefs": [

	],
	"ivardefs": [

	],
	"properties": {
		"collectperformancedata": false,
		"componenticon": 0,
		"componenttype": "kCompStoreHidden",
		"createdate": "2017-10-29 21:18:56",
		"desc": "",
		"editor": "",
		"editordata": "",
		"enabled": true,
		"external": true,
		"helpfile": 0,
		"helptext": "",
		"inheritedorder": 0,
		"issupercomponent": false,
		"moddate": "2018-05-20 14:32:43",
		"showascheckedout": true,
		"title": {
			"type": 0,
			"calc": "Options"
		},
		"userinfo": "",
		"users": "12345678",
		"version": "0.1"
	}
}
