[
	{
		"name": "$construct",
		"ident": 0,
		"order": 1,
		"clientexec": false,
		"pvardefs": [

		],
		"lvardefs": [

		]
	},
	{
		"name": "$destruct",
		"ident": 1,
		"order": 2,
		"clientexec": false,
		"pvardefs": [

		],
		"lvardefs": [

		]
	},
	{
		"name": "$InitClass_",
		"ident": 2,
		"order": 3,
		"clientexec": false,
		"pvardefs": [

		],
		"lvardefs": [
			{
				"name": "lrefActorObj",
				"order": 2,
				"type": "kObjectref",
				"subtype": "",
				"sublen": 0
			}
		]
	},
	{
		"name": "$InitInstance_",
		"ident": 3,
		"order": 4,
		"clientexec": false,
		"pvardefs": [

		],
		"lvardefs": [

		]
	},
	{
		"name": "$init",
		"ident": 4,
		"order": 5,
		"clientexec": true,
		"pvardefs": [

		],
		"lvardefs": [

		]
	},
	{
		"name": "$term",
		"ident": 12,
		"order": 6,
		"clientexec": true,
		"pvardefs": [

		],
		"lvardefs": [

		]
	},
	{
		"name": "$load",
		"ident": 7,
		"order": 7,
		"clientexec": false,
		"pvardefs": [
			{
				"name": "pnActorID",
				"order": 1,
				"type": "kInteger",
				"subtype": "k64bitint",
				"sublen": 0,
				"param": 1
			}
		],
		"lvardefs": [

		]
	},
	{
		"name": "$completed",
		"ident": 5,
		"order": 8,
		"clientexec": false,
		"pvardefs": [
			{
				"name": "pResult",
				"order": 4,
				"type": "kList",
				"subtype": "",
				"sublen": 0,
				"param": 1
			}
		],
		"lvardefs": [
			{
				"name": "llErrorsList",
				"order": 1,
				"type": "kList",
				"subtype": "",
				"sublen": 0
			}
		]
	},
	{
		"name": "$cancelled",
		"ident": 6,
		"order": 9,
		"clientexec": false,
		"pvardefs": [

		],
		"lvardefs": [

		]
	},
	{
		"name": "$pushed",
		"ident": 11,
		"order": 10,
		"clientexec": true,
		"pvardefs": [
			{
				"name": "prwParameters",
				"order": 3,
				"type": "kRow",
				"subtype": "",
				"sublen": 0,
				"param": 1
			}
		],
		"lvardefs": [
			{
				"name": "lchResultRole",
				"order": 1,
				"type": "kCharacter",
				"subtype": "kSimplechar",
				"sublen": 100000000
			}
		]
	},
	{
		"name": "$initPushWithMaxDelay",
		"ident": 13,
		"order": 11,
		"clientexec": true,
		"pvardefs": [
			{
				"name": "pMaxDelay",
				"order": 1,
				"type": "kCharacter",
				"subtype": "kSimplechar",
				"sublen": 100000000,
				"param": 1
			}
		],
		"lvardefs": [

		]
	},
	{
		"name": "$ClearForm",
		"ident": 10,
		"order": 12,
		"clientexec": true,
		"pvardefs": [

		],
		"lvardefs": [

		]
	},
	{
		"name": "-- Data access methods",
		"ident": 8,
		"order": 13,
		"clientexec": false,
		"pvardefs": [

		],
		"lvardefs": [

		],
		"empty": true
	},
	{
		"name": "$LoadActorDetails",
		"ident": 9,
		"order": 14,
		"clientexec": false,
		"pvardefs": [
			{
				"name": "pnActorID",
				"order": 2,
				"type": "kInteger",
				"subtype": "k32bitint",
				"sublen": 0,
				"param": 1
			}
		],
		"lvardefs": [

		]
	}
]
