{
	"ident": 1047,
	"order": 15,
	"objtype": "kGroupBox",
	"properties": {
		"active": true,
		"alpha": 255,
		"bordercolor": "RGB(0,0,0)",
		"candropcursor": 0,
		"contextmenu": "",
		"cursor": 0,
		"desgroup": 0,
		"designactive": true,
		"deslock": false,
		"dragborder": false,
		"dragiconid": 0,
		"dragmode": "kNoDragging",
		"dragrange": "kRangeAll",
		"dropmode": "kAcceptNone",
		"edgefloat": "kEFnone",
		"effect": "kBorderChisel",
		"enabled": true,
		"fieldstyle": "CtrlGroupBox",
		"font": 4,
		"fontsize": 8,
		"fontstyle": "kPlain",
		"height": 200,
		"helpfile": 0,
		"keyevents": false,
		"left": 325,
		"linestyle": 1,
		"mouseevents": false,
		"nodropcursor": 0,
		"objlink": 196611,
		"rmouseevents": false,
		"statusevents": false,
		"text": {
			"type": 0,
			"calc": "Connections"
		},
		"textcolor": "kColorWindowText",
		"tooltip": "",
		"top": 24,
		"userinfo": "",
		"visible": true,
		"width": 295
	}
}
