{
	"classtype": "kObjectclass",
	"internalversion": 50,
	"superclass": ".PGSQLDAM.Worker Objects\\PostgreSQLWorker",
	"designtaskname": "Startup_Task",
	"cvardefs": [

	],
	"ivardefs": [
		{
			"name": "irefCallBackInstance",
			"order": 1,
			"type": "kItemref",
			"subtype": "",
			"sublen": 0
		},
		{
			"name": "irefCallingObject",
			"order": 3,
			"type": "kItemref",
			"subtype": "",
			"sublen": 0
		}
	],
	"properties": {
		"collectperformancedata": false,
		"componenticon": 0,
		"componenttype": "kCompStoreHidden",
		"createdate": "2017-08-29 15:01:46",
		"desc": "",
		"editor": "",
		"editordata": "",
		"external": true,
		"issupercomponent": false,
		"moddate": "2018-05-20 14:32:43",
		"selfcontained": false,
		"showascheckedout": true,
		"userinfo": "",
		"version": "0.1"
	}
}
