[
	{
		"name": "$construct",
		"ident": 1,
		"order": 1,
		"pvardefs": [

		],
		"lvardefs": [

		]
	},
	{
		"name": "$destruct",
		"ident": 2,
		"order": 2,
		"pvardefs": [

		],
		"lvardefs": [

		]
	},
	{
		"name": "$completed",
		"ident": 0,
		"order": 3,
		"pvardefs": [
			{
				"name": "pRow",
				"order": 1,
				"type": "kRow",
				"subtype": "",
				"sublen": 0,
				"param": 1
			}
		],
		"lvardefs": [

		]
	},
	{
		"name": "$cancelled",
		"ident": 3,
		"order": 4,
		"pvardefs": [

		],
		"lvardefs": [

		]
	},
	{
		"name": "$setCallingInst",
		"ident": 4,
		"order": 5,
		"pvardefs": [
			{
				"name": "prefCallingInst",
				"order": 1,
				"type": "kItemref",
				"subtype": "",
				"sublen": 0,
				"param": 1
			}
		],
		"lvardefs": [

		]
	}
]
