{
	"classtype": "kRemoteTask",
	"internalversion": 110,
	"nextident": 1011,
	"tvardefs": [

	],
	"cvardefs": [
		{
			"name": "cbClassInited",
			"order": 3,
			"type": "kBoolean",
			"subtype": 0,
			"sublen": 0
		},
		{
			"name": "clResult",
			"order": 1,
			"type": "kList",
			"subtype": "",
			"sublen": 0
		}
	],
	"ivardefs": [
		{
			"name": "ichHTTPMethodName",
			"order": 1,
			"type": "kCharacter",
			"subtype": "kSimplechar",
			"sublen": 50
		},
		{
			"name": "ichURIName",
			"order": 4,
			"type": "kCharacter",
			"subtype": "kSimplechar",
			"sublen": 100
		},
		{
			"name": "irwActorStatsResult",
			"order": 5,
			"type": "kRow",
			"subtype": "scActorStatsResults",
			"sublen": 0
		},
		{
			"name": "iwrkTimer",
			"order": 2,
			"type": "kObject",
			"subtype": ".Timer Library.Timer worker",
			"sublen": 0
		}
	],
	"properties": {
		"basehttpresponseheaders": "",
		"collectperformancedata": false,
		"componenticon": 0,
		"componenttype": "kCompStoreHidden",
		"createdate": "2018-05-13 10:27:07",
		"desc": "",
		"editor": "",
		"editordata": "",
		"external": true,
		"issupercomponent": false,
		"localtestdata": "",
		"localtime": false,
		"maxtime": 0,
		"maxusers": 0,
		"moddate": "2018-05-20 14:32:44",
		"restful": true,
		"restfulapiname": "restservices",
		"showascheckedout": false,
		"stringtable": "",
		"timeout": 0,
		"userinfo": {
			"type": 23,
			"subtype": 0,
			"data": "2018-03-20 22:39:05"
		},
		"version": "",
		"webservice": ""
	}
}
