[
	{
		"name": "$construct",
		"ident": 0,
		"order": 1,
		"pvardefs": [

		],
		"lvardefs": [

		]
	},
	{
		"name": "$destruct",
		"ident": 1,
		"order": 2,
		"pvardefs": [

		],
		"lvardefs": [

		]
	},
	{
		"name": "$InitClass_",
		"ident": 2,
		"order": 3,
		"pvardefs": [

		],
		"lvardefs": [

		]
	},
	{
		"name": "$InitInstance_",
		"ident": 3,
		"order": 4,
		"pvardefs": [

		],
		"lvardefs": [

		]
	},
	{
		"name": "$completed",
		"ident": 4,
		"order": 5,
		"pvardefs": [
			{
				"name": "plResult",
				"order": 1,
				"type": "kList",
				"subtype": "",
				"sublen": 0,
				"param": 1
			}
		],
		"lvardefs": [
			{
				"name": "llErrorsList",
				"order": 4,
				"type": "kList",
				"subtype": "",
				"sublen": 0
			}
		]
	}
]
