[
	{
		"name": "$get",
		"ident": 0,
		"order": 1,
		"operationid": "get1007",
		"outputtype": "scActorDetailResult",
		"pvardefs": [

		],
		"lvardefs": [
			{
				"name": "lnActorID",
				"order": 4,
				"type": "kInteger",
				"subtype": "k32bitint",
				"sublen": 0
			},
			{
				"name": "lorefActorDetail",
				"order": 5,
				"type": "kObjectref",
				"subtype": "",
				"sublen": 0
			},
			{
				"name": "lrwActorDetail",
				"order": 3,
				"type": "kList",
				"subtype": "scActorDetail",
				"sublen": 0
			},
			{
				"name": "lrwActorDetailResult",
				"order": 2,
				"type": "kRow",
				"subtype": "scActorDetailResult",
				"sublen": 0
			}
		]
	}
]
