{
	"ident": 1036,
	"order": 16385,
	"objtype": "kLabel",
	"properties": {
		"align": "kRightJst",
		"backcolor": "kColor3DFace",
		"backpattern": 15,
		"designactive": true,
		"edgefloat": "kEFnone",
		"fieldstyle": "CtrlLabel",
		"font": 3,
		"fontsize": 0,
		"fontstyle": "kPlain",
		"forecolor": "kColorForeFill",
		"height": 19,
		"left": 5,
		"objlink": 9,
		"text": "Date / Time Server last started",
		"textcolor": "kColorWindowText",
		"top": 15,
		"userinfo": "",
		"vertcentertext": true,
		"visible": true,
		"width": 165
	}
}
