[
	{
		"name": "$get",
		"ident": 0,
		"order": 1,
		"operationid": "get1010",
		"outputtype": "scActorStatsResults",
		"pvardefs": [

		],
		"lvardefs": [
			{
				"name": "llActorSalesResults",
				"order": 7,
				"type": "kList",
				"subtype": "scActorStatsDataList",
				"sublen": 0
			},
			{
				"name": "lnActorID",
				"order": 3,
				"type": "kInteger",
				"subtype": "k32bitint",
				"sublen": 0
			},
			{
				"name": "lorefSalesAnalysis",
				"order": 2,
				"type": "kObjectref",
				"subtype": "",
				"sublen": 0
			},
			{
				"name": "lrwActorStatsResults",
				"order": 4,
				"type": "kRow",
				"subtype": "scActorStatsResults",
				"sublen": 0
			}
		]
	}
]
