{
	"ident": 1020,
	"order": 3,
	"objtype": "kTabPane",
	"properties": {
		"active": true,
		"alpha": 255,
		"backcolor": "kColorWindow",
		"backgroundtheme": "kBGThemeNone",
		"backpattern": 0,
		"candropcursor": 0,
		"contextmenu": "",
		"cursor": 0,
		"desgroup": 0,
		"designactive": true,
		"deslock": false,
		"dragborder": false,
		"dragiconid": 0,
		"dragmode": "kNoDragging",
		"dragrange": "kRangeAll",
		"dropmode": "kAcceptNone",
		"edgefloat": "kEFposnClient",
		"enabled": true,
		"fieldstyle": "CtrlTabPane",
		"font": 5,
		"fontsize": 10,
		"fontstyle": "kPlain",
		"forecolor": "kColor3DFace",
		"height": 361,
		"helpfile": 0,
		"imagenoroom": false,
		"keyevents": false,
		"left": 0,
		"mouseevents": false,
		"multirow": false,
		"nodropcursor": 0,
		"objlink": 0,
		"rmouseevents": false,
		"selectedtabcolor": "kColor3DFace",
		"showfocus": false,
		"showimages": false,
		"statusevents": false,
		"tabcolor": "kColorDefault",
		"taborient": "kTopTabs",
		"tabstyle": "kDefaultPanes",
		"textcolor": "kColorWindowText",
		"tooltip": "",
		"top": 0,
		"userinfo": "",
		"visible": true,
		"width": 638
	},
	"multivalueproperties": {
		"properties": [
			{
				"tabcaption": {
					"type": 0,
					"calc": "Connections"
				},
				"tabiconid": 0,
				"tabtooltip": ""
			},
			{
				"tabcaption": {
					"type": 0,
					"calc": "History"
				},
				"tabiconid": 0,
				"tabtooltip": ""
			},
			{
				"tabcaption": {
					"type": 0,
					"calc": "Server Usage"
				},
				"tabiconid": 0,
				"tabtooltip": ""
			}
		]
	}
}
