{
	"classtype": "kObjectclass",
	"internalversion": 25,
	"superclass": ".PGSQLDAM.PGSQLSESS",
	"designtaskname": "Startup_Task",
	"cvardefs": [
		{
			"name": "cbROStatus",
			"order": 1,
			"type": "kBoolean",
			"subtype": 0,
			"sublen": 0,
			"initval": "'NO'"
		},
		{
			"name": "cchDBName",
			"order": 2,
			"type": "kCharacter",
			"subtype": "kSimplechar",
			"sublen": 100,
			"initval": "'dvdrental'"
		},
		{
			"name": "cnPortNumber",
			"order": 3,
			"type": "kInteger",
			"subtype": "k32bitint",
			"sublen": 0,
			"initval": "5432"
		}
	],
	"ivardefs": [

	],
	"properties": {
		"collectperformancedata": false,
		"componenticon": 0,
		"componenttype": "kCompStoreHidden",
		"createdate": "2017-08-29 15:01:46",
		"desc": "",
		"editor": "",
		"editordata": "",
		"external": true,
		"issupercomponent": false,
		"moddate": "2018-05-20 14:32:43",
		"selfcontained": false,
		"showascheckedout": true,
		"userinfo": "",
		"version": "0.1"
	}
}
