{
	"classtype": "kRemoteTask",
	"internalversion": 53,
	"nextident": 1,
	"tvardefs": [

	],
	"cvardefs": [

	],
	"ivardefs": [
		{
			"name": "irtMonitorOpen",
			"order": 2,
			"type": "kBoolean",
			"subtype": 0,
			"sublen": 0
		},
		{
			"name": "irtMonitorRef",
			"order": 1,
			"type": "kItemref",
			"subtype": "",
			"sublen": 0
		}
	],
	"properties": {
		"basehttpresponseheaders": "",
		"collectperformancedata": false,
		"componenticon": 0,
		"componenttype": "kCompStoreHidden",
		"createdate": "2017-10-29 21:18:52",
		"desc": "",
		"editor": "",
		"editordata": "",
		"external": true,
		"issupercomponent": false,
		"localtestdata": "",
		"localtime": false,
		"maxtime": 0,
		"maxusers": 0,
		"moddate": "2018-05-20 14:32:44",
		"restful": false,
		"restfulapiname": "",
		"showascheckedout": true,
		"stringtable": "",
		"timeout": 0,
		"userinfo": "",
		"version": "0.1",
		"webservice": ""
	}
}
