[
	{
		"name": "$construct",
		"ident": 0,
		"order": 1,
		"pvardefs": [
			{
				"name": "pParams",
				"order": 1,
				"type": "kRow",
				"subtype": "",
				"sublen": 0,
				"param": 1
			}
		],
		"lvardefs": [
			{
				"name": "lClassRef",
				"order": 3,
				"type": "kItemref",
				"subtype": "",
				"sublen": 0
			},
			{
				"name": "lLibName",
				"order": 5,
				"type": "kCharacter",
				"subtype": "kSimplechar",
				"sublen": 100000000
			},
			{
				"name": "lRestfulApiName",
				"order": 6,
				"type": "kCharacter",
				"subtype": "kSimplechar",
				"sublen": 100000000
			},
			{
				"name": "lRestfulMethod",
				"order": 7,
				"type": "kCharacter",
				"subtype": "kSimplechar",
				"sublen": 100000000
			},
			{
				"name": "lServerBusyFlag",
				"order": 2,
				"type": "kBoolean",
				"subtype": 0,
				"sublen": 0
			},
			{
				"name": "lUrl",
				"order": 4,
				"type": "kCharacter",
				"subtype": "kSimplechar",
				"sublen": 100000000
			}
		]
	},
	{
		"name": "$destruct",
		"ident": 1,
		"order": 2,
		"pvardefs": [

		],
		"lvardefs": [

		]
	},
	{
		"name": "$event",
		"ident": 2,
		"order": 3,
		"pvardefs": [

		],
		"lvardefs": [
			{
				"name": "lServerBusyFlag",
				"order": 1,
				"type": "kBoolean",
				"subtype": 0,
				"sublen": 0
			}
		]
	}
]
