{
	"ident": 1017,
	"order": 1,
	"objtype": "kHeadedListBox",
	"properties": {
		"active": true,
		"align": "kLeftJst",
		"alpha": 255,
		"backcolor": "kColorWindowText",
		"backgroundtheme": "kBGThemeNone",
		"backpattern": 0,
		"boldheader": false,
		"bordercolor": "RGB(0,0,0)",
		"buttonstyle": "kSystemButton",
		"calculation": "",
		"candragdisplayorder": false,
		"candropcursor": 0,
		"canresizecolumns": true,
		"columnnames": "Status,IP Address,Connected at,Last Response, Disconnected at",
		"columnwidths": "49,109,110,120,140",
		"contentlinecolor": "kColorDefault",
		"contextmenu": "mrtMonitorClientContext",
		"cursor": 0,
		"dataname": "iTaskList",
		"defaultwidth": 30,
		"desgroup": 0,
		"designactive": true,
		"designcols": 5,
		"deslock": true,
		"disablecolumntooltips": false,
		"disablefocus": false,
		"disablehottracking": false,
		"disablesystemfocus": false,
		"dragborder": false,
		"dragiconid": 0,
		"dragmode": "kNoDragging",
		"dragrange": "kRangeAll",
		"dropbetweenlines": false,
		"dropmode": "kAcceptNone",
		"edgefloat": "kEFrightBottom",
		"effect": "kBorderInset",
		"enabled": true,
		"enableheader": false,
		"fieldstyle": "CtrlHeadedListBox",
		"font": 4,
		"fontsize": 9,
		"fontstyle": "kPlain",
		"forecolor": "kColorWindow",
		"headerfillcolor": "kColor3DFace",
		"headerfontsize": 0,
		"headertextcolor": "kColorDefault",
		"height": 271,
		"helpfile": 0,
		"hidefooter": true,
		"hideheader": false,
		"hiliteline": false,
		"hiliteonecol": 0,
		"horzscroll": true,
		"keyevents": false,
		"left": 114,
		"linehtextra": 0,
		"linestyle": 1,
		"local": false,
		"maxeditchars": 0,
		"mouseevents": false,
		"multipleselect": false,
		"nodropcursor": 0,
		"objlink": 65539,
		"rmouseevents": false,
		"showcolumnlines": true,
		"showheaderlines": true,
		"showrowlines": false,
		"statusevents": false,
		"textcolor": "kColorWindowText",
		"tooltip": "",
		"top": 15,
		"userinfo": "",
		"vertscroll": true,
		"visible": true,
		"width": 511
	}
}
