{
	"classtype": "kRemoteForm",
	"internalversion": 20,
	"designtaskname": "",
	"nextident": 1007,
	"lastgroupident": 0,
	"cvardefs": [
		{
			"name": "cbClassInited",
			"order": 1,
			"type": "kBoolean",
			"subtype": 0,
			"sublen": 0,
			"desc": "Calculated"
		},
		{
			"name": "clVideoList",
			"order": 3,
			"type": "kList",
			"subtype": "",
			"sublen": 0
		},
		{
			"name": "crwVideoRow",
			"order": 2,
			"type": "kRow",
			"subtype": "",
			"sublen": 0
		}
	],
	"ivardefs": [
		{
			"name": "ichClientMode",
			"order": 4,
			"type": "kCharacter",
			"subtype": "kSimplechar",
			"sublen": 20
		},
		{
			"name": "ichScreenSize",
			"order": 3,
			"type": "kCharacter",
			"subtype": "kSimplechar",
			"sublen": 50
		},
		{
			"name": "ichVideoCode",
			"order": 7,
			"type": "kCharacter",
			"subtype": "kSimplechar",
			"sublen": 255
		},
		{
			"name": "ichVideoListCode",
			"order": 10,
			"type": "kCharacter",
			"subtype": "kSimplechar",
			"sublen": 100
		},
		{
			"name": "ilVideoListing",
			"order": 6,
			"type": "kList",
			"subtype": "",
			"sublen": 0
		},
		{
			"name": "inCounter",
			"order": 1,
			"type": "kInteger",
			"subtype": "kShortint",
			"sublen": 0,
			"initval": "1"
		},
		{
			"name": "irefContainer",
			"order": 8,
			"type": "kItemref",
			"subtype": "",
			"sublen": 0
		},
		{
			"name": "irwVideoURLData",
			"order": 5,
			"type": "kRow",
			"subtype": "",
			"sublen": 0
		}
	],
	"properties": {
		"aligntogrid": false,
		"alpha": 255,
		"alwaysenabledobject": "",
		"animatelayouttransitions": false,
		"backalpha": 255,
		"backcolor": "RGB(255,255,255)",
		"backpattern": 0,
		"cancelkeyobject": "",
		"collectperformancedata": false,
		"componenticon": 0,
		"componenttype": "kCompStoreHidden",
		"contextmenu": "",
		"createdate": "2018-05-13 10:23:25",
		"currentlayoutbreakpoint": 320,
		"defaultappearance": "kAppearanceiOS",
		"desc": "",
		"designshowmobiletitle": false,
		"disabledefaultcontextmenu": false,
		"editor": "",
		"editordata": "",
		"events": "",
		"external": true,
		"forecolor": "RGB(255,255,255)",
		"horzgrid": 8,
		"horzscroll": false,
		"inheritedorder": 1,
		"issupercomponent": false,
		"layoutbreakpoints": "320,768,1024",
		"layouttype": "kLayoutTypeResponsive",
		"left": 414,
		"moddate": "2018-05-20 14:32:44",
		"okkeyobject": "",
		"serverlessclient": false,
		"showascheckedout": false,
		"showgrid": false,
		"sizetogrid": false,
		"startfield": 0,
		"title": {
			"type": 0,
			"calc": "New remote form"
		},
		"top": 379,
		"userinfo": "",
		"version": "0.1",
		"vertgrid": 8,
		"vertscroll": false
	},
	"layout": {
		"width": 864,
		"height": 363,
		"320": {
			"height": 0
		},
		"768": {
			"height": 0
		},
		"1024": {
			"height": 0
		}
	}
}
