[
	{
		"name": "$construct",
		"ident": 0,
		"order": 1,
		"clientexec": false,
		"pvardefs": [

		],
		"lvardefs": [

		]
	},
	{
		"name": "$InitClass_",
		"ident": 1,
		"order": 2,
		"clientexec": false,
		"pvardefs": [

		],
		"lvardefs": [

		]
	},
	{
		"name": "$InitInstance_",
		"ident": 2,
		"order": 3,
		"clientexec": false,
		"pvardefs": [

		],
		"lvardefs": [

		]
	},
	{
		"name": "$destruct",
		"ident": 3,
		"order": 4,
		"clientexec": false,
		"pvardefs": [

		],
		"lvardefs": [

		],
		"empty": true
	},
	{
		"name": "$init",
		"ident": 4,
		"order": 5,
		"clientexec": true,
		"pvardefs": [

		],
		"lvardefs": [

		]
	},
	{
		"name": "$term",
		"ident": 6,
		"order": 6,
		"clientexec": true,
		"pvardefs": [

		],
		"lvardefs": [

		],
		"empty": true
	},
	{
		"name": "$Load",
		"ident": 5,
		"order": 7,
		"clientexec": false,
		"pvardefs": [

		],
		"lvardefs": [

		],
		"empty": true
	},
	{
		"name": "$ClearForm",
		"ident": 9,
		"order": 8,
		"clientexec": true,
		"pvardefs": [

		],
		"lvardefs": [

		]
	},
	{
		"name": "$ShowVideo",
		"ident": 8,
		"order": 9,
		"clientexec": false,
		"pvardefs": [

		],
		"lvardefs": [
			{
				"name": "lchVideoURL",
				"order": 1,
				"type": "kCharacter",
				"subtype": "kSimplechar",
				"sublen": 255
			}
		]
	}
]
