{
	"classtype": "kObjectclass",
	"internalversion": 36,
	"designtaskname": "Startup_Task",
	"cvardefs": [
		{
			"name": "cbClassInited",
			"order": 1,
			"type": "kBoolean",
			"subtype": 0,
			"sublen": 0,
			"desc": "Calculated"
		},
		{
			"name": "cchPrimaryKeyName",
			"order": 3,
			"type": "kCharacter",
			"subtype": "kSimplechar",
			"sublen": 100,
			"desc": "Calculated"
		},
		{
			"name": "cchROPoolName",
			"order": 6,
			"type": "kCharacter",
			"subtype": "kSimplechar",
			"sublen": 100,
			"initval": "'ROPool'"
		},
		{
			"name": "cchRWPoolName",
			"order": 7,
			"type": "kCharacter",
			"subtype": "kSimplechar",
			"sublen": 100,
			"initval": "'RWPool'"
		},
		{
			"name": "cchTableName",
			"order": 4,
			"type": "kCharacter",
			"subtype": "kSimplechar",
			"sublen": 100,
			"initval": "'film'"
		},
		{
			"name": "cchWorkerObjectName",
			"order": 10,
			"type": "kCharacter",
			"subtype": "kSimplechar",
			"sublen": 50,
			"initval": "'doPostgres_Worker'"
		},
		{
			"name": "crwRowTemplate",
			"order": 2,
			"type": "kRow",
			"subtype": "",
			"sublen": 0,
			"desc": "Calculated"
		},
		{
			"name": "crwWOParamsBindTempl",
			"order": 9,
			"type": "kRow",
			"subtype": "",
			"sublen": 0,
			"desc": "Calculated"
		},
		{
			"name": "crwWOParamsNoBindTempl",
			"order": 8,
			"type": "kRow",
			"subtype": "",
			"sublen": 0,
			"desc": "Calculated"
		}
	],
	"ivardefs": [
		{
			"name": "ichResultRole",
			"order": 2,
			"type": "kCharacter",
			"subtype": "kSimplechar",
			"sublen": 100
		},
		{
			"name": "irefCallingForm",
			"order": 5,
			"type": "kItemref",
			"subtype": "",
			"sublen": 0
		},
		{
			"name": "irefWorkerObject",
			"order": 3,
			"type": "kObjectref",
			"subtype": "",
			"sublen": 0
		}
	],
	"properties": {
		"collectperformancedata": false,
		"componenticon": 0,
		"componenttype": "kCompStoreHidden",
		"createdate": "2017-08-29 15:02:02",
		"desc": "",
		"editor": "",
		"editordata": "",
		"external": true,
		"issupercomponent": false,
		"moddate": "2018-05-20 14:32:43",
		"selfcontained": false,
		"showascheckedout": true,
		"userinfo": "",
		"version": "0.1"
	}
}
