[
	{
		"name": "$ -- Standard",
		"ident": 6,
		"order": 1,
		"pvardefs": [

		],
		"lvardefs": [

		],
		"empty": true
	},
	{
		"name": "$construct",
		"ident": 1,
		"order": 2,
		"pvardefs": [

		],
		"lvardefs": [

		]
	},
	{
		"name": "$destruct",
		"ident": 19,
		"order": 3,
		"pvardefs": [

		],
		"lvardefs": [

		]
	},
	{
		"name": "$InitClass_",
		"ident": 0,
		"order": 4,
		"pvardefs": [

		],
		"lvardefs": [
			{
				"name": "lrefdoDBStandardOpsTemp",
				"order": 1,
				"type": "kObjectref",
				"subtype": "DVD Rental.doCommon",
				"sublen": 0
			}
		]
	},
	{
		"name": "$InitInstance_",
		"ident": 2,
		"order": 5,
		"pvardefs": [

		],
		"lvardefs": [

		]
	},
	{
		"name": "$init",
		"ident": 3,
		"order": 6,
		"pvardefs": [

		],
		"lvardefs": [

		]
	},
	{
		"name": "$GetPrimaryKeyName",
		"ident": 23,
		"order": 7,
		"pvardefs": [

		],
		"lvardefs": [

		]
	},
	{
		"name": "$GetRWTemplate",
		"ident": 8,
		"order": 8,
		"pvardefs": [
			{
				"name": "prefRowVar",
				"order": 3,
				"type": "kFieldreference",
				"subtype": 0,
				"sublen": 0,
				"param": 1
			}
		],
		"lvardefs": [

		]
	},
	{
		"name": "$SQLWorker",
		"ident": 18,
		"order": 9,
		"pvardefs": [
			{
				"name": "prwParams",
				"order": 4,
				"type": "kRow",
				"subtype": "",
				"sublen": 0,
				"param": 1
			},
			{
				"name": "prefCallingInst",
				"order": 3,
				"type": "kItemref",
				"subtype": "",
				"sublen": 0,
				"param": 2
			}
		],
		"lvardefs": [
			{
				"name": "lbStatus",
				"order": 1,
				"type": "kBoolean",
				"subtype": 0,
				"sublen": 0
			},
			{
				"name": "lchPoolName",
				"order": 5,
				"type": "kCharacter",
				"subtype": "kSimplechar",
				"sublen": 100
			},
			{
				"name": "lrefDBStdOps",
				"order": 2,
				"type": "kObjectref",
				"subtype": "",
				"sublen": 0
			}
		]
	},
	{
		"name": "$SQLWorkerErrorMngr",
		"ident": 21,
		"order": 10,
		"pvardefs": [

		],
		"lvardefs": [

		]
	},
	{
		"name": "$completed",
		"ident": 16,
		"order": 11,
		"pvardefs": [
			{
				"name": "pRow",
				"order": 4,
				"type": "kList",
				"subtype": "",
				"sublen": 0,
				"param": 1
			}
		],
		"lvardefs": [
			{
				"name": "lrwResult",
				"order": 1,
				"type": "kList",
				"subtype": "",
				"sublen": 0
			}
		]
	},
	{
		"name": "$cancelled",
		"ident": 17,
		"order": 12,
		"pvardefs": [

		],
		"lvardefs": [

		]
	},
	{
		"name": "$ -- Std DAM Access",
		"ident": 5,
		"order": 13,
		"pvardefs": [

		],
		"lvardefs": [

		],
		"empty": true
	},
	{
		"name": "$LoadRecord",
		"ident": 4,
		"order": 14,
		"pvardefs": [
			{
				"name": "pnID",
				"order": 1,
				"type": "kInteger",
				"subtype": "k32bitint",
				"sublen": 0,
				"param": 1,
				"initval": "110"
			},
			{
				"name": "prefRowVar",
				"order": 4,
				"type": "kFieldreference",
				"subtype": 0,
				"sublen": 0,
				"param": 2
			}
		],
		"lvardefs": [
			{
				"name": "lchSQL",
				"order": 2,
				"type": "kCharacter",
				"subtype": "kSimplechar",
				"sublen": 4096
			},
			{
				"name": "lchSQLTemp",
				"order": 8,
				"type": "kCharacter",
				"subtype": "kSimplechar",
				"sublen": 4096
			},
			{
				"name": "lrefdoDBStandardOps",
				"order": 7,
				"type": "kObjectref",
				"subtype": "",
				"sublen": 0
			},
			{
				"name": "lrwTempRow",
				"order": 3,
				"type": "kRow",
				"subtype": "",
				"sublen": 0
			}
		]
	},
	{
		"name": "$LoadAllRecords",
		"ident": 14,
		"order": 15,
		"pvardefs": [
			{
				"name": "prefResultList",
				"order": 6,
				"type": "kFieldreference",
				"subtype": 0,
				"sublen": 0,
				"param": 1
			}
		],
		"lvardefs": [
			{
				"name": "lchSQL",
				"order": 1,
				"type": "kCharacter",
				"subtype": "kSimplechar",
				"sublen": 4096
			},
			{
				"name": "llFilmsList",
				"order": 7,
				"type": "kList",
				"subtype": "",
				"sublen": 0
			},
			{
				"name": "lrefdoDBStandardOps",
				"order": 3,
				"type": "kObjectref",
				"subtype": "",
				"sublen": 0
			}
		]
	},
	{
		"name": "$Prepare4Insert",
		"ident": 7,
		"order": 16,
		"pvardefs": [
			{
				"name": "prefRowVar",
				"order": 1,
				"type": "kFieldreference",
				"subtype": 0,
				"sublen": 0,
				"param": 1
			}
		],
		"lvardefs": [
			{
				"name": "lnNewSerial",
				"order": 3,
				"type": "kInteger",
				"subtype": "k64bitint",
				"sublen": 0
			}
		]
	},
	{
		"name": "$InsertSave",
		"ident": 9,
		"order": 17,
		"pvardefs": [
			{
				"name": "prefRowVar",
				"order": 16,
				"type": "kFieldreference",
				"subtype": 0,
				"sublen": 0,
				"param": 1
			}
		],
		"lvardefs": [
			{
				"name": "lrefdoDBStandardOps",
				"order": 2,
				"type": "kObjectref",
				"subtype": "",
				"sublen": 0
			}
		]
	},
	{
		"name": "$Load4Edit",
		"ident": 10,
		"order": 18,
		"pvardefs": [
			{
				"name": "pnID",
				"order": 1,
				"type": "kInteger",
				"subtype": "k32bitint",
				"sublen": 0,
				"param": 1
			},
			{
				"name": "prefRowVar",
				"order": 4,
				"type": "kFieldreference",
				"subtype": 0,
				"sublen": 0,
				"param": 2
			},
			{
				"name": "prefRowVarOld",
				"order": 5,
				"type": "kFieldreference",
				"subtype": 0,
				"sublen": 0,
				"param": 3
			}
		],
		"lvardefs": [
			{
				"name": "lchSQL",
				"order": 2,
				"type": "kCharacter",
				"subtype": "kSimplechar",
				"sublen": 4096
			},
			{
				"name": "lchSQLTemp",
				"order": 3,
				"type": "kCharacter",
				"subtype": "kSimplechar",
				"sublen": 4096
			},
			{
				"name": "lrefdoDBStandardOps",
				"order": 8,
				"type": "kObjectref",
				"subtype": "",
				"sublen": 0
			},
			{
				"name": "lrwTempRow",
				"order": 6,
				"type": "kRow",
				"subtype": "",
				"sublen": 0
			}
		]
	},
	{
		"name": "$EditSave",
		"ident": 11,
		"order": 19,
		"pvardefs": [
			{
				"name": "prefRowVar",
				"order": 3,
				"type": "kFieldreference",
				"subtype": 0,
				"sublen": 0,
				"param": 1
			},
			{
				"name": "prefRowVarOld",
				"order": 4,
				"type": "kFieldreference",
				"subtype": 0,
				"sublen": 0,
				"param": 2
			}
		],
		"lvardefs": [
			{
				"name": "lrefdoDBStandardOps",
				"order": 2,
				"type": "kObjectref",
				"subtype": "",
				"sublen": 0
			}
		]
	},
	{
		"name": "$Cancel",
		"ident": 12,
		"order": 20,
		"pvardefs": [
			{
				"name": "prefRowVar",
				"order": 1,
				"type": "kFieldreference",
				"subtype": 0,
				"sublen": 0,
				"param": 1
			},
			{
				"name": "prefRowVarOld",
				"order": 2,
				"type": "kFieldreference",
				"subtype": 0,
				"sublen": 0,
				"param": 2
			}
		],
		"lvardefs": [

		]
	},
	{
		"name": "$ClearRecord",
		"ident": 13,
		"order": 21,
		"pvardefs": [
			{
				"name": "prefRowVar",
				"order": 1,
				"type": "kFieldreference",
				"subtype": 0,
				"sublen": 0,
				"param": 1
			}
		],
		"lvardefs": [

		]
	},
	{
		"name": "$ -- Custom Data Access",
		"ident": 22,
		"order": 22,
		"pvardefs": [

		],
		"lvardefs": [

		],
		"empty": true
	}
]
