{
	"ident": 1025,
	"order": 6,
	"objtype": "kListBox",
	"properties": {
		"active": true,
		"alpha": 255,
		"backcolor": "kColorWindowText",
		"backgroundtheme": "kBGThemeNone",
		"backpattern": 0,
		"bordercolor": "RGB(0,0,0)",
		"calculation": {
			"type": 1,
			"calc": "iHistoryLine"
		},
		"candropcursor": 0,
		"contextmenu": "mOptions",
		"cursor": 0,
		"dataname": "iHistoryList",
		"desgroup": 0,
		"designactive": true,
		"deslock": true,
		"disablefocus": false,
		"disablehottracking": false,
		"disablesystemfocus": false,
		"dragborder": false,
		"dragiconid": 0,
		"dragmode": "kNoDragging",
		"dragrange": "kRangeAll",
		"dropbetweenlines": false,
		"dropmode": "kAcceptNone",
		"edgefloat": "kEFposnClient",
		"effect": "kBorderInset",
		"enabled": true,
		"fieldstyle": "CtrlListBox",
		"font": 4,
		"fontsize": 9,
		"fontstyle": "kPlain",
		"forecolor": "kColorWindow",
		"height": 325,
		"helpfile": 0,
		"hiliteline": false,
		"horzscroll": false,
		"keyevents": false,
		"left": 0,
		"linestyle": 1,
		"local": false,
		"mouseevents": false,
		"multipleselect": false,
		"nodropcursor": 0,
		"objlink": 131075,
		"rmouseevents": false,
		"statusevents": false,
		"styledtext": false,
		"textcolor": "kColorWindowText",
		"tooltip": "",
		"top": 0,
		"userinfo": "",
		"vertscroll": true,
		"visible": true,
		"width": 634
	}
}
