{
	"omnisversion": "8.1.5",
	"includes": [

	],
	"properties": {
		"extension": false,
		"ignoreexternal": true,
		"nodebug": false,
		"userinfo": "",
		"vcsbuilddate": "",
		"vcsbuildersname": "",
		"vcsbuildnotes": ""
	},
	"prefs": {
		"canfocusbuttons": "kPlatformdefault",
		"centuryrange": 1980,
		"defaultname": "",
		"designdpi": "96,72,75",
		"designdpimode": "kDPIoff",
		"designedscreensizes": "kSSZjs320x480Portrait,kSSZjs768x1024Portrait,kSSZjs360x640Portrait",
		"disabledefaultcontextmenu": false,
		"disableellipsis": false,
		"disablewebservicelogging": false,
		"exportcontrolcharacters": false,
		"exportedquotes": true,
		"fiscalyearend": "1900-12-31 00:00:00",
		"fontscale": false,
		"helpfoldername": "",
		"hscale": 0,
		"iconlib": "",
		"iconset": "",
		"initiallayoutbreakpoints": "320,360,768,1024",
		"javareturnsnative": true,
		"justifiedtextthreshold": 75,
		"keyevents": false,
		"mouseevents": false,
		"reportcalculationerrors": true,
		"reportnotationerrors": true,
		"rmouseevents": false,
		"screencoordinates": false,
		"sensitivefieldnames": false,
		"sensitivefilenames": true,
		"serverlessclientstringtable": "",
		"sharedpictures": "kSharedPicModeNone",
		"sqlstripspaces": true,
		"startuptaskname": "Startup_Task",
		"statusevents": false,
		"uniquefieldnames": false,
		"userexportdelimiter": ";",
		"v3events": false,
		"vscale": 0,
		"weekstart": "kMonday",
		"windowsizeexcludesdockingarea": true
	}
}
