{
	"classtype": "kSystemtable",
	"internalversion": 3,
	"properties": {
		"componenttype": "kCompStoreHidden",
		"createdate": "2017-08-29 15:01:09",
		"desc": "",
		"external": false,
		"moddate": "2017-11-06 16:34:54",
		"showascheckedout": true,
		"userinfo": "",
		"version": "0.1"
	},
	"formats": [
		"D m y",
		"H:N",
		"h:N A",
		"H:N:S",
		"H:N:S.s",
		"D m Y  H:N",
		"D m Y  H:N:S",
		"D m Y  H:N:S.s",
		"M/D/Y",
		"w, n D, y",
		"D/M/Y",
		"w, D n, y",
		"M/D/Y h:N A",
		"D/M/Y H:N"
	]
}
