{
	"ident": 1053,
	"order": 16396,
	"objtype": "kLabel",
	"properties": {
		"align": "kRightJst",
		"backcolor": "kColor3DFace",
		"backpattern": 15,
		"designactive": true,
		"edgefloat": "kEFnone",
		"fieldstyle": "CtrlLabel",
		"font": 3,
		"fontsize": 0,
		"fontstyle": "kPlain",
		"forecolor": "kColorForeFill",
		"height": 19,
		"left": 5,
		"objlink": 15,
		"text": "Number of Remote Task Instances",
		"textcolor": "kColorWindowText",
		"top": 140,
		"userinfo": "",
		"vertcentertext": false,
		"visible": true,
		"width": 220
	}
}
