{
	"ident": 1003,
	"order": 1,
	"objtype": "kPagedPane",
	"properties": {
		"alpha": 255,
		"animatetransitions": false,
		"autoscroll": false,
		"backalpha": 255,
		"backcolor": "RGB(255,255,255)",
		"bordercolor": "kColorDefault",
		"borderradius": "0",
		"contextmenu": "",
		"cssclassname": "",
		"currentpage": 1,
		"dataname": "",
		"desgroup": 0,
		"designactive": true,
		"deslock": false,
		"disablesystemfocus": true,
		"effect": "kJSborderNone",
		"enabled": true,
		"events": "",
		"linestyle": 1,
		"objlink": 0,
		"pagecount": 5,
		"preventlayoutanimation": false,
		"scrolltochangepage": false,
		"tooltip": "",
		"userinfo": "",
		"visible": true
	},
	"layout": {
		"320": {
			"left": 0,
			"top": 0,
			"width": 319,
			"height": 323,
			"dragborder": false,
			"edgefloat": "kEFposnClient",
			"errortextpos": "kJSErrorTextPosUnder",
			"visible": true
		},
		"768": {
			"left": 0,
			"top": 0,
			"width": 767,
			"height": 323,
			"dragborder": false,
			"edgefloat": "kEFposnClient",
			"errortextpos": "kJSErrorTextPosUnder",
			"visible": true
		},
		"1024": {
			"left": 59,
			"top": 56,
			"width": 250,
			"height": 150,
			"dragborder": false,
			"edgefloat": "kEFnone",
			"errortextpos": "kJSErrorTextPosUnder",
			"visible": true
		}
	}
}
