{
	"ident": 1011,
	"order": 13,
	"objtype": "kEntry",
	"properties": {
		"align": "kLeftJst",
		"autofind": false,
		"calculated": false,
		"dataname": "iConnectTime",
		"desgroup": 0,
		"deslock": false,
		"dupblanks": false,
		"fieldstyle": "OMNISfield",
		"floating": false,
		"font": 4,
		"fontextra": 0,
		"fontsize": 9,
		"fontstyle": "kPlain",
		"formatmode": "kFormatDate",
		"formatstring": "",
		"height": -1,
		"horzextend": true,
		"horzslide": false,
		"left": 7.513,
		"lineno": 14,
		"lineoffset": 0.0,
		"negbrackets": false,
		"nolineifempty": false,
		"noreload": false,
		"nosecifempty": false,
		"printontop": false,
		"showcommas": false,
		"shownulls": false,
		"text": "",
		"textcolor": "kColorDefault",
		"totalmode": "kTmNone",
		"totalsifnoline": false,
		"userinfo": "",
		"vertextend": false,
		"visible": true,
		"width": 3.97,
		"zeroempty": false
	}
}
