{
	"classtype": "kSystemtable",
	"internalversion": 3,
	"properties": {
		"componenttype": "kCompStoreHidden",
		"createdate": "2017-08-29 15:01:09",
		"desc": "",
		"external": false,
		"moddate": "2017-11-06 16:34:54",
		"showascheckedout": true,
		"userinfo": "",
		"version": "0.1"
	},
	"formats": [
		"0",
		"0.00",
		"#,##0",
		"#,##0.00",
		"#,##0;[RED](#,##0)",
		"#,##0.00 'cr';#,##0.00 'dr'",
		"'£' #,##0;[RED]'£'-#,##0;;'Nil'",
		"'$' #,##0;[RED]'$'-#,##0;;'Nil'",
		"0%",
		"0.00%",
		"0.00 E+00",
		"0.00 E-00"
	]
}
