{
	"ident": 1008,
	"order": 3,
	"objtype": "kComponent",
	"componentlib": "jsTabs",
	"componentctrl": "Tab Control",
	"properties": {
		"alpha": 255,
		"backalpha": 255,
		"backcolor": "RGB(255,255,255)",
		"baseedgealpha": 255,
		"baseedgecolor": "kColorDefault",
		"baseedgewidth": 1,
		"canclickselectedtab": false,
		"contextmenu": "",
		"cssclassname": "",
		"currenttab": 1,
		"currenttabbackalpha": 255,
		"currenttabbackcolor": "kColorDefault",
		"currenttabbackiconid": 0,
		"currenttabextra": 0,
		"currenttabtextcolor": "kColorDefault",
		"desgroup": 0,
		"designactive": true,
		"deslock": false,
		"disabledefaultcontextmenu": false,
		"disabledtabtextcolor": "kColorDefault",
		"disablesystemfocus": false,
		"dropmode": "kAcceptNone",
		"enabled": true,
		"events": "",
		"extratabspacing": 0,
		"fieldstyle": "CtrlTabStrip",
		"fixedtabsize": false,
		"font": 1,
		"fontsize": 10,
		"fontstyle": "kPlain",
		"hotcurrent": false,
		"hottabbackalpha": 255,
		"hottabbackcolor": "kColorDefault",
		"hottabbackiconid": 0,
		"hottabtextcolor": "kColorDefault",
		"linkedobject": "ppSalesPresentation",
		"maxfixedtabsize": 200,
		"objlink": 0,
		"preventlayoutanimation": true,
		"side": "kJSTabsSideTop",
		"tabbackalpha": 255,
		"tabbackcolor": "kColorDefault",
		"tabbackiconid": 0,
		"tabbackstyle": "kJSTabsBackStyleDefault",
		"tabborderalpha": 255,
		"tabbordercolor": "kColorDefault",
		"tabborderradius": 0,
		"tabborderwidth": 1,
		"tabiconsize": 32,
		"tablayout": "kJSTabsLayoutTextOnly",
		"tabmenubackcolor": "kColorDefault",
		"tabmenubackiconid": 0,
		"tabmenudisabledtextcolor": "kColorDefault",
		"tabmenuhotbackcolor": "kColorDefault",
		"tabmenuhotbackiconid": 0,
		"tabmenuhottextcolor": "kColorDefault",
		"tabmenutextcolor": "kColorDefault",
		"tabsjst": "kJSTabsJstLeftOrTop",
		"tabspacing": 1,
		"textcolor": "kColorDefault",
		"tooltip": "",
		"trackmenus": false,
		"userinfo": "",
		"visible": true
	},
	"multivalueproperties": {
		"selected": 2,
		"properties": [
			{
				"::tabiconid": 0,
				"::tabtooltip": "",
				"tabenabled": true,
				"tabmenu": "",
				"tabtext": "  Sales result listing  ",
				"tabvisible": true
			},
			{
				"::tabiconid": 0,
				"::tabtooltip": "",
				"tabenabled": true,
				"tabmenu": "",
				"tabtext": "  Sales results graph  ",
				"tabvisible": true
			}
		]
	},
	"layout": {
		"320": {
			"left": 2,
			"top": 4,
			"width": 315,
			"height": 28,
			"align": "kCenterJst",
			"dragborder": false,
			"edgefloat": "kEFright",
			"errortextpos": "kJSErrorTextPosUnder",
			"visible": true
		},
		"768": {
			"left": 2,
			"top": 4,
			"width": 315,
			"height": 28,
			"align": "kCenterJst",
			"dragborder": false,
			"edgefloat": "kEFright",
			"errortextpos": "kJSErrorTextPosUnder",
			"visible": true
		}
	}
}
