{
	"ident": 1006,
	"order": 3,
	"objtype": "kSubwindow",
	"properties": {
		"alpha": 255,
		"backalpha": 255,
		"backcolor": "RGB(255,255,255)",
		"bordercolor": "kColorDefault",
		"classname": "",
		"cssclassname": "",
		"dataname": "",
		"desgroup": 0,
		"designactive": true,
		"deslock": false,
		"disablesystemfocus": false,
		"effect": "kJSborderPlain",
		"enabled": true,
		"events": "",
		"horzscroll": false,
		"linestyle": 1,
		"multipleclasses": false,
		"objlink": 0,
		"parameters": "",
		"preventlayoutanimation": true,
		"tooltip": "",
		"userinfo": "",
		"vertscroll": false,
		"visible": true
	},
	"layout": {
		"320": {
			"left": 9000,
			"top": 282,
			"width": 313,
			"height": 256,
			"dragborder": false,
			"edgefloat": "kEFrightBottom",
			"errortextpos": "kJSErrorTextPosUnder",
			"visible": true
		},
		"768": {
			"left": 2,
			"top": 321,
			"width": 380,
			"height": 255,
			"dragborder": false,
			"edgefloat": "kEFnone",
			"errortextpos": "kJSErrorTextPosUnder",
			"visible": true
		}
	}
}
