[
	{
		"name": "$construct",
		"ident": 0,
		"order": 1,
		"pvardefs": [
			{
				"name": "pParams",
				"order": 1,
				"type": "kRow",
				"subtype": "",
				"sublen": 0,
				"param": 1
			}
		],
		"lvardefs": [
			{
				"name": "lorefActor",
				"order": 2,
				"type": "kObjectref",
				"subtype": "",
				"sublen": 0
			}
		]
	},
	{
		"name": "$destruct",
		"ident": 1,
		"order": 2,
		"pvardefs": [

		],
		"lvardefs": [

		]
	},
	{
		"name": "$init",
		"ident": 2,
		"order": 3,
		"pvardefs": [

		],
		"lvardefs": [

		]
	}
]
