{
	"classtype": "kWindow",
	"internalversion": 9,
	"designtaskname": "Startup_Task",
	"nextident": 1038,
	"lastgroupident": 0,
	"cvardefs": [

	],
	"ivardefs": [
		{
			"name": "iConnectBytes",
			"order": 1,
			"type": "kInteger",
			"subtype": "k32bitint",
			"sublen": 0
		},
		{
			"name": "iLastBytesRecd",
			"order": 4,
			"type": "kInteger",
			"subtype": "k32bitint",
			"sublen": 0
		},
		{
			"name": "iLastBytesSent",
			"order": 3,
			"type": "kInteger",
			"subtype": "k32bitint",
			"sublen": 0
		},
		{
			"name": "iMaxBytesRecd",
			"order": 6,
			"type": "kInteger",
			"subtype": "k32bitint",
			"sublen": 0
		},
		{
			"name": "iMaxBytesSent",
			"order": 5,
			"type": "kInteger",
			"subtype": "k32bitint",
			"sublen": 0
		},
		{
			"name": "iNumRequets",
			"order": 2,
			"type": "kInteger",
			"subtype": "k32bitint",
			"sublen": 0
		},
		{
			"name": "iTotBytesRecd",
			"order": 8,
			"type": "kInteger",
			"subtype": "k32bitint",
			"sublen": 0
		},
		{
			"name": "iTotBytesSent",
			"order": 7,
			"type": "kInteger",
			"subtype": "k32bitint",
			"sublen": 0
		}
	],
	"properties": {
		"aligntogrid": false,
		"alpha": 255,
		"backcolor": "kColor3DFace",
		"backgroundskin": 0,
		"backgroundskinalign": "kPALtopLeft",
		"backgroundtheme": "kBGThemeWindow",
		"backpattern": 0,
		"bringinfront": false,
		"clickbehind": false,
		"closebox": true,
		"collectperformancedata": false,
		"componenticon": 0,
		"componenttype": "kCompStoreHidden",
		"contextmenu": "",
		"createdate": "2017-10-29 21:18:56",
		"desc": "",
		"dockingedge": "kBorderChisel",
		"dropmode": "kAcceptNone",
		"edgefloat": "kEFnone",
		"editor": "",
		"editordata": "",
		"effect": "kBorderNone",
		"enablemenuandtoolbars": true,
		"external": true,
		"forecolor": "kColor3DFace",
		"growbox": false,
		"hasmenus": false,
		"hasstatusbar": false,
		"height": 280,
		"helpbutton": false,
		"helpfile": 0,
		"horzgrid": 8,
		"horzscroll": false,
		"inheritedorder": 1,
		"issubwindow": false,
		"issupercomponent": false,
		"keepclicks": true,
		"left": 962,
		"menuedge": "kBorderChisel",
		"menunames": "",
		"minimizebox": false,
		"minimizeiconid": 1718,
		"moddate": "2018-05-18 21:24:51",
		"modelessdata": true,
		"showascheckedout": true,
		"showcommands": false,
		"showgrid": false,
		"showtitle": false,
		"sizetogrid": false,
		"startfield": 0,
		"statusbarpos": "kSBPosBottom",
		"statusedge": "kBorderChisel",
		"style": "kTitle",
		"title": "",
		"toolbarnames": "",
		"toolbaroptions": "kTBOptionNone",
		"toolbarpos": "kDockingAreaNone",
		"top": 437,
		"userinfo": "",
		"usesheets": false,
		"version": "0.1",
		"vertgrid": 8,
		"vertscroll": false,
		"width": 320,
		"zoombox": false
	},
	"statusbar": {
		"properties": {
			"fieldstyle": "",
			"font": 1,
			"fontsize": 0,
			"helppane": 0
		}
	}
}
