[
	{
		"name": "$construct",
		"ident": 1,
		"order": 1,
		"pvardefs": [
			{
				"name": "pConnectBytes",
				"order": 1,
				"type": "kFieldreference",
				"subtype": 0,
				"sublen": 0,
				"param": 1
			},
			{
				"name": "pNumRequests",
				"order": 2,
				"type": "kFieldreference",
				"subtype": 0,
				"sublen": 0,
				"param": 2
			},
			{
				"name": "pLastBytesSent",
				"order": 3,
				"type": "kFieldreference",
				"subtype": 0,
				"sublen": 0,
				"param": 3
			},
			{
				"name": "pLastBytesRecd",
				"order": 4,
				"type": "kFieldreference",
				"subtype": 0,
				"sublen": 0,
				"param": 4
			},
			{
				"name": "pMaxBytesSent",
				"order": 5,
				"type": "kFieldreference",
				"subtype": 0,
				"sublen": 0,
				"param": 5
			},
			{
				"name": "pMaxBytesRecd",
				"order": 6,
				"type": "kFieldreference",
				"subtype": 0,
				"sublen": 0,
				"param": 6
			},
			{
				"name": "pTotBytesSent",
				"order": 7,
				"type": "kFieldreference",
				"subtype": 0,
				"sublen": 0,
				"param": 7
			},
			{
				"name": "pTotBytesRecd",
				"order": 8,
				"type": "kFieldreference",
				"subtype": 0,
				"sublen": 0,
				"param": 8
			},
			{
				"name": "pIPAddress",
				"order": 9,
				"type": "kFieldreference",
				"subtype": 0,
				"sublen": 0,
				"param": 9
			}
		],
		"lvardefs": [

		]
	},
	{
		"name": "$destruct",
		"ident": 2,
		"order": 2,
		"pvardefs": [

		],
		"lvardefs": [

		]
	},
	{
		"name": "New Method",
		"ident": 0,
		"order": 3,
		"pvardefs": [

		],
		"lvardefs": [

		],
		"empty": true
	}
]
