{
	"ident": 1018,
	"order": 2,
	"objtype": "kPushbutton",
	"properties": {
		"actedata": true,
		"active": true,
		"actnomethod": true,
		"align": "kCenterJst",
		"alpha": 255,
		"backcolor": "kColorDefault",
		"backgroundtheme": "kBGThemeParent",
		"backpattern": 0,
		"bordercolor": "kColorDefault",
		"buttonmode": "kBMuser",
		"buttonstyle": "kSystemButton",
		"candropcursor": 0,
		"contextmenu": "",
		"cursor": 0,
		"desgroup": 0,
		"designactive": true,
		"deslock": false,
		"disablefocus": false,
		"dragborder": false,
		"dragiconid": 0,
		"dragmode": "kNoDragging",
		"dragrange": "kRangeAll",
		"dropmode": "kAcceptNone",
		"edgefloat": "kEFall",
		"enabled": true,
		"fieldstyle": "CtrlPushButton",
		"font": 4,
		"fontsize": 9,
		"fontstyle": "kPlain",
		"forecolor": "kColorDefault",
		"height": 23,
		"helpfile": 0,
		"iconid": 0,
		"inactnorec": false,
		"keyevents": false,
		"left": 505,
		"mouseevents": false,
		"nodropcursor": 0,
		"nogray": false,
		"objlink": 65539,
		"rmouseevents": false,
		"statusevents": false,
		"subwindowstyle": false,
		"text": {
			"type": 0,
			"calc": "Disconnect"
		},
		"textcolor": "kColorDefault",
		"tooltip": {
			"type": 0,
			"calc": "Disconnect user"
		},
		"top": 291,
		"userinfo": "",
		"visible": true,
		"width": 120
	}
}
