[
	{
		"name": "$construct",
		"ident": 0,
		"order": 1,
		"clientexec": false,
		"pvardefs": [

		],
		"lvardefs": [

		]
	},
	{
		"name": "$destruct",
		"ident": 1,
		"order": 2,
		"clientexec": false,
		"pvardefs": [

		],
		"lvardefs": [

		]
	},
	{
		"name": "$InitClass_",
		"ident": 2,
		"order": 3,
		"clientexec": false,
		"pvardefs": [
			{
				"name": "pchXAxisHeading",
				"order": 2,
				"type": "kCharacter",
				"subtype": "kSimplechar",
				"sublen": 100,
				"param": 1
			},
			{
				"name": "pchYAxisHeading",
				"order": 3,
				"type": "kCharacter",
				"subtype": "kSimplechar",
				"sublen": 100,
				"param": 2
			}
		],
		"lvardefs": [

		]
	},
	{
		"name": "$InitInstance_",
		"ident": 3,
		"order": 4,
		"clientexec": false,
		"pvardefs": [

		],
		"lvardefs": [

		]
	},
	{
		"name": "$init",
		"ident": 4,
		"order": 5,
		"clientexec": true,
		"pvardefs": [

		],
		"lvardefs": [

		]
	},
	{
		"name": "$term",
		"ident": 11,
		"order": 6,
		"clientexec": true,
		"pvardefs": [

		],
		"lvardefs": [

		],
		"empty": true
	},
	{
		"name": "$load",
		"ident": 7,
		"order": 7,
		"clientexec": false,
		"pvardefs": [

		],
		"lvardefs": [

		]
	},
	{
		"name": "$completed",
		"ident": 5,
		"order": 8,
		"clientexec": false,
		"pvardefs": [
			{
				"name": "pResult",
				"order": 3,
				"type": "kList",
				"subtype": "",
				"sublen": 0,
				"param": 1
			}
		],
		"lvardefs": [
			{
				"name": "llErrorsList",
				"order": 1,
				"type": "kList",
				"subtype": "",
				"sublen": 0
			},
			{
				"name": "lnLineResultCount",
				"order": 4,
				"type": "kInteger",
				"subtype": "k32bitint",
				"sublen": 0
			}
		]
	},
	{
		"name": "$cancelled",
		"ident": 6,
		"order": 9,
		"clientexec": false,
		"pvardefs": [

		],
		"lvardefs": [

		]
	},
	{
		"name": "$ClearForm",
		"ident": 12,
		"order": 10,
		"clientexec": true,
		"pvardefs": [

		],
		"lvardefs": [

		]
	},
	{
		"name": "$pushed",
		"ident": 8,
		"order": 11,
		"clientexec": true,
		"pvardefs": [
			{
				"name": "prwResult",
				"order": 2,
				"type": "kRow",
				"subtype": "",
				"sublen": 0,
				"param": 1
			}
		],
		"lvardefs": [
			{
				"name": "lchResultRole",
				"order": 1,
				"type": "kCharacter",
				"subtype": "kSimplechar",
				"sublen": 100000000
			}
		]
	},
	{
		"name": "$SalesAnalysisResults",
		"ident": 9,
		"order": 13,
		"clientexec": false,
		"pvardefs": [
			{
				"name": "pnActorID",
				"order": 1,
				"type": "kInteger",
				"subtype": "k32bitint",
				"sublen": 0,
				"param": 1
			}
		],
		"lvardefs": [

		]
	},
	{
		"name": "$SwitchXandY",
		"ident": 16,
		"order": 14,
		"clientexec": false,
		"pvardefs": [
			{
				"name": "plrefSourceList",
				"order": 1,
				"type": "kList",
				"subtype": "",
				"sublen": 0,
				"param": 1
			},
			{
				"name": "pnLineCount",
				"order": 8,
				"type": "kInteger",
				"subtype": "k32bitint",
				"sublen": 0,
				"param": 2
			}
		],
		"lvardefs": [
			{
				"name": "lchXValue",
				"order": 6,
				"type": "kCharacter",
				"subtype": "kSimplechar",
				"sublen": 255
			},
			{
				"name": "llGraphTempData",
				"order": 2,
				"type": "kList",
				"subtype": "",
				"sublen": 0
			},
			{
				"name": "lnCounter",
				"order": 3,
				"type": "kInteger",
				"subtype": "k32bitint",
				"sublen": 0
			},
			{
				"name": "lnYValue",
				"order": 5,
				"type": "kNumber",
				"subtype": "k2dp",
				"sublen": 0
			}
		]
	}
]
