{
	"ident": 1046,
	"order": 15,
	"objtype": "kSubwindow",
	"properties": {
		"alpha": 255,
		"backalpha": 255,
		"backcolor": "RGB(255,255,255)",
		"bordercolor": "kColorDefault",
		"classname": "",
		"cssclassname": "",
		"dataname": "",
		"desgroup": 0,
		"designactive": true,
		"deslock": false,
		"disablesystemfocus": false,
		"effect": "kJSborderPlain",
		"enabled": true,
		"events": "",
		"horzscroll": false,
		"linestyle": 1,
		"multipleclasses": true,
		"objlink": 0,
		"parameters": "",
		"preventlayoutanimation": false,
		"tooltip": "",
		"userinfo": "",
		"vertscroll": false,
		"visible": true
	},
	"layout": {
		"320": {
			"left": 9000,
			"top": 281,
			"width": 313,
			"height": 257,
			"dragborder": false,
			"edgefloat": "kEFnone",
			"errortextpos": "kJSErrorTextPosUnder",
			"visible": true
		},
		"768": {
			"left": 9000,
			"top": 264,
			"width": 250,
			"height": 150,
			"dragborder": false,
			"edgefloat": "kEFnone",
			"errortextpos": "kJSErrorTextPosUnder",
			"visible": true
		}
	}
}
