{
	"classtype": "kObjectclass",
	"internalversion": 124,
	"designtaskname": "Startup_Task",
	"cvardefs": [
		{
			"name": "cbClassInited",
			"order": 1,
			"type": "kBoolean",
			"subtype": 0,
			"sublen": 0
		},
		{
			"name": "cchTableName",
			"order": 4,
			"type": "kCharacter",
			"subtype": "kSimplechar",
			"sublen": 100
		},
		{
			"name": "cnMaxUnusedSessions",
			"order": 2,
			"type": "kInteger",
			"subtype": "kShortint",
			"sublen": 0,
			"initval": "10"
		},
		{
			"name": "crwIDsTmpl",
			"order": 6,
			"type": "kRow",
			"subtype": "",
			"sublen": 0
		}
	],
	"ivardefs": [

	],
	"properties": {
		"collectperformancedata": false,
		"componenticon": 0,
		"componenttype": "kCompStoreHidden",
		"createdate": "2017-08-29 15:01:46",
		"desc": "",
		"editor": "",
		"editordata": "",
		"external": true,
		"issupercomponent": false,
		"moddate": "2018-05-20 14:32:43",
		"selfcontained": false,
		"showascheckedout": true,
		"userinfo": "",
		"version": "0.11"
	}
}
