[
	{
		"name": "$construct",
		"ident": 1,
		"order": 1,
		"pvardefs": [

		],
		"lvardefs": [

		]
	},
	{
		"name": "InitClass_",
		"ident": 3,
		"order": 2,
		"pvardefs": [

		],
		"lvardefs": [

		]
	},
	{
		"name": "InitInstance_",
		"ident": 4,
		"order": 3,
		"pvardefs": [

		],
		"lvardefs": [

		]
	},
	{
		"name": "$destruct",
		"ident": 7,
		"order": 4,
		"pvardefs": [

		],
		"lvardefs": [

		]
	},
	{
		"name": "$init",
		"ident": 2,
		"order": 5,
		"pvardefs": [

		],
		"lvardefs": [

		]
	},
	{
		"name": "--- DB utilities",
		"ident": 5,
		"order": 6,
		"pvardefs": [

		],
		"lvardefs": [

		],
		"empty": true
	},
	{
		"name": "$DefineRowFromDBTable",
		"ident": 6,
		"order": 7,
		"pvardefs": [
			{
				"name": "pchPoolName",
				"order": 4,
				"type": "kCharacter",
				"subtype": "kSimplechar",
				"sublen": 254,
				"param": 1
			},
			{
				"name": "pchDBTableName",
				"order": 2,
				"type": "kCharacter",
				"subtype": "kSimplechar",
				"sublen": 255,
				"param": 2
			},
			{
				"name": "prefRowVariable",
				"order": 1,
				"type": "kFieldreference",
				"subtype": 0,
				"sublen": 0,
				"param": 3
			},
			{
				"name": "prefPrimaryKeyName",
				"order": 6,
				"type": "kFieldreference",
				"subtype": 0,
				"sublen": 0,
				"param": 4
			}
		],
		"lvardefs": [
			{
				"name": "lchStatus",
				"order": 5,
				"type": "kCharacter",
				"subtype": "kSimplechar",
				"sublen": 20
			},
			{
				"name": "llColList",
				"order": 7,
				"type": "kList",
				"subtype": "",
				"sublen": 0
			},
			{
				"name": "loSession",
				"order": 3,
				"type": "kObject",
				"subtype": "",
				"sublen": 0
			}
		]
	},
	{
		"name": "$GetSession",
		"ident": 22,
		"order": 8,
		"pvardefs": [
			{
				"name": "pchSessionPoolName",
				"order": 1,
				"type": "kCharacter",
				"subtype": "kSimplechar",
				"sublen": 100,
				"param": 1
			}
		],
		"lvardefs": [
			{
				"name": "lrefSession",
				"order": 2,
				"type": "kItemref",
				"subtype": "",
				"sublen": 0
			}
		]
	},
	{
		"name": "$CheckAvailableSessions",
		"ident": 21,
		"order": 9,
		"pvardefs": [
			{
				"name": "pchSessionPoolName",
				"order": 5,
				"type": "kCharacter",
				"subtype": "kSimplechar",
				"sublen": 100,
				"param": 1
			}
		],
		"lvardefs": [
			{
				"name": "lnAvailableSessions",
				"order": 4,
				"type": "kInteger",
				"subtype": "k32bitint",
				"sublen": 0
			},
			{
				"name": "lrefSessionPool",
				"order": 1,
				"type": "kItemref",
				"subtype": "",
				"sublen": 0
			}
		]
	},
	{
		"name": "$RestartSessions",
		"ident": 24,
		"order": 10,
		"pvardefs": [

		],
		"lvardefs": [

		]
	},
	{
		"name": "$SQL_InjectorEvaluator",
		"ident": 25,
		"order": 11,
		"pvardefs": [
			{
				"name": "pchSQL_To_Evaluate",
				"order": 1,
				"type": "kCharacter",
				"subtype": "kSimplechar",
				"sublen": 10000,
				"param": 1
			}
		],
		"lvardefs": [

		]
	},
	{
		"name": "--- Std DB Operations",
		"ident": 8,
		"order": 12,
		"pvardefs": [

		],
		"lvardefs": [

		],
		"empty": true
	},
	{
		"name": "$StdLoadRecord",
		"ident": 9,
		"order": 13,
		"pvardefs": [
			{
				"name": "prefRowVar",
				"order": 3,
				"type": "kRow",
				"subtype": "",
				"sublen": 0,
				"param": 1
			},
			{
				"name": "pchPoolName",
				"order": 4,
				"type": "kCharacter",
				"subtype": "kSimplechar",
				"sublen": 100,
				"param": 2
			},
			{
				"name": "pchSQL",
				"order": 5,
				"type": "kCharacter",
				"subtype": "kSimplechar",
				"sublen": 4096,
				"param": 3
			}
		],
		"lvardefs": [
			{
				"name": "lbStatus",
				"order": 7,
				"type": "kBoolean",
				"subtype": 0,
				"sublen": 0
			},
			{
				"name": "loSession",
				"order": 1,
				"type": "kObject",
				"subtype": "",
				"sublen": 0
			},
			{
				"name": "loStatement",
				"order": 2,
				"type": "kObject",
				"subtype": "",
				"sublen": 0
			}
		]
	},
	{
		"name": "$StdLoadList",
		"ident": 10,
		"order": 14,
		"pvardefs": [
			{
				"name": "prefResultList",
				"order": 3,
				"type": "kFieldreference",
				"subtype": 0,
				"sublen": 0,
				"param": 1
			},
			{
				"name": "pchPoolName",
				"order": 4,
				"type": "kCharacter",
				"subtype": "kSimplechar",
				"sublen": 100,
				"param": 2
			},
			{
				"name": "pchSQL",
				"order": 5,
				"type": "kCharacter",
				"subtype": "kSimplechar",
				"sublen": 4096,
				"param": 3
			}
		],
		"lvardefs": [
			{
				"name": "loSession",
				"order": 1,
				"type": "kObject",
				"subtype": "",
				"sublen": 0
			},
			{
				"name": "loStatement",
				"order": 2,
				"type": "kObject",
				"subtype": "",
				"sublen": 0
			}
		]
	},
	{
		"name": "$StdLoadValue",
		"ident": 11,
		"order": 15,
		"pvardefs": [
			{
				"name": "prefRowVar",
				"order": 3,
				"type": "kFieldreference",
				"subtype": 0,
				"sublen": 0,
				"param": 1
			},
			{
				"name": "pchPoolName",
				"order": 5,
				"type": "kCharacter",
				"subtype": "kSimplechar",
				"sublen": 100,
				"param": 2
			},
			{
				"name": "pchSQL",
				"order": 6,
				"type": "kCharacter",
				"subtype": "kSimplechar",
				"sublen": 4096,
				"param": 3
			}
		],
		"lvardefs": [
			{
				"name": "loSession",
				"order": 1,
				"type": "kObject",
				"subtype": "",
				"sublen": 0
			},
			{
				"name": "loStatement",
				"order": 2,
				"type": "kObject",
				"subtype": "",
				"sublen": 0
			}
		]
	},
	{
		"name": "$StdPrepare4Insert",
		"ident": 12,
		"order": 16,
		"pvardefs": [
			{
				"name": "prefRowVar",
				"order": 2,
				"type": "kFieldreference",
				"subtype": 0,
				"sublen": 0,
				"param": 1
			},
			{
				"name": "prwRowTemplate",
				"order": 3,
				"type": "kRow",
				"subtype": "",
				"sublen": 0,
				"param": 2
			},
			{
				"name": "pchPrimaryKeyName",
				"order": 5,
				"type": "kCharacter",
				"subtype": "kSimplechar",
				"sublen": 250,
				"param": 3
			}
		],
		"lvardefs": [
			{
				"name": "lnNewSerial",
				"order": 1,
				"type": "kInteger",
				"subtype": "k64bitint",
				"sublen": 0
			}
		]
	},
	{
		"name": "$StdInsertSave",
		"ident": 13,
		"order": 17,
		"pvardefs": [
			{
				"name": "prefRowVar",
				"order": 2,
				"type": "kFieldreference",
				"subtype": 0,
				"sublen": 0,
				"param": 1
			},
			{
				"name": "pchPoolName",
				"order": 3,
				"type": "kCharacter",
				"subtype": "kSimplechar",
				"sublen": 100,
				"param": 2
			}
		],
		"lvardefs": [
			{
				"name": "loSession",
				"order": 1,
				"type": "kObject",
				"subtype": "",
				"sublen": 0
			}
		]
	},
	{
		"name": "$StdLoad4Edit",
		"ident": 18,
		"order": 18,
		"pvardefs": [
			{
				"name": "prefRowVar",
				"order": 3,
				"type": "kFieldreference",
				"subtype": 0,
				"sublen": 0,
				"param": 1
			},
			{
				"name": "prefRowVarOld",
				"order": 4,
				"type": "kFieldreference",
				"subtype": 0,
				"sublen": 0,
				"param": 2
			},
			{
				"name": "pchPoolName",
				"order": 6,
				"type": "kCharacter",
				"subtype": "kSimplechar",
				"sublen": 100,
				"param": 3
			},
			{
				"name": "pchSQL",
				"order": 7,
				"type": "kCharacter",
				"subtype": "kSimplechar",
				"sublen": 4096,
				"param": 4
			}
		],
		"lvardefs": [
			{
				"name": "lbStatus",
				"order": 8,
				"type": "kBoolean",
				"subtype": 0,
				"sublen": 0
			},
			{
				"name": "loSession",
				"order": 1,
				"type": "kObject",
				"subtype": "",
				"sublen": 0
			},
			{
				"name": "loStatement",
				"order": 2,
				"type": "kObject",
				"subtype": "",
				"sublen": 0
			}
		]
	},
	{
		"name": "$StdEditSave",
		"ident": 14,
		"order": 19,
		"pvardefs": [
			{
				"name": "prefRowVar",
				"order": 2,
				"type": "kFieldreference",
				"subtype": 0,
				"sublen": 0,
				"param": 1
			},
			{
				"name": "prefRowVarOld",
				"order": 3,
				"type": "kFieldreference",
				"subtype": 0,
				"sublen": 0,
				"param": 2
			},
			{
				"name": "pchPoolName",
				"order": 4,
				"type": "kCharacter",
				"subtype": "kSimplechar",
				"sublen": 100,
				"param": 3
			}
		],
		"lvardefs": [
			{
				"name": "loSession",
				"order": 1,
				"type": "kObject",
				"subtype": "",
				"sublen": 0
			}
		]
	},
	{
		"name": "$StdClearRecord",
		"ident": 0,
		"order": 20,
		"pvardefs": [
			{
				"name": "prwRowVar",
				"order": 3,
				"type": "kFieldreference",
				"subtype": 0,
				"sublen": 0,
				"param": 1
			}
		],
		"lvardefs": [

		]
	},
	{
		"name": "$StdCancel",
		"ident": 15,
		"order": 21,
		"pvardefs": [
			{
				"name": "prefRowVar",
				"order": 1,
				"type": "kFieldreference",
				"subtype": 0,
				"sublen": 0,
				"param": 1
			},
			{
				"name": "prefRowVarOld",
				"order": 2,
				"type": "kFieldreference",
				"subtype": 0,
				"sublen": 0,
				"param": 2
			}
		],
		"lvardefs": [

		]
	},
	{
		"name": "--- Error Management",
		"ident": 16,
		"order": 22,
		"pvardefs": [

		],
		"lvardefs": [

		],
		"empty": true
	},
	{
		"name": "$StdErrorHandler",
		"ident": 17,
		"order": 23,
		"pvardefs": [

		],
		"lvardefs": [

		]
	},
	{
		"name": "$SQLWorkerErrorMngr",
		"ident": 23,
		"order": 24,
		"pvardefs": [

		],
		"lvardefs": [

		]
	},
	{
		"name": "--- Serials Management",
		"ident": 19,
		"order": 25,
		"pvardefs": [

		],
		"lvardefs": [

		],
		"empty": true
	},
	{
		"name": "$GetUniqueID",
		"ident": 20,
		"order": 26,
		"pvardefs": [
			{
				"name": "pchSQLClassName",
				"order": 2,
				"type": "kCharacter",
				"subtype": "kSimplechar",
				"sublen": 80,
				"param": 1
			},
			{
				"name": "pchPoolName",
				"order": 7,
				"type": "kCharacter",
				"subtype": "kSimplechar",
				"sublen": 100,
				"param": 2
			}
		],
		"lvardefs": [
			{
				"name": "lnRowsFetched",
				"order": 6,
				"type": "kInteger",
				"subtype": "k32bitint",
				"sublen": 0
			},
			{
				"name": "loSession",
				"order": 1,
				"type": "kObject",
				"subtype": "",
				"sublen": 0
			},
			{
				"name": "loStatement",
				"order": 5,
				"type": "kObject",
				"subtype": "",
				"sublen": 0
			},
			{
				"name": "lrwID",
				"order": 3,
				"type": "kRow",
				"subtype": "",
				"sublen": 0
			},
			{
				"name": "lrwIDOld",
				"order": 4,
				"type": "kRow",
				"subtype": "",
				"sublen": 0
			}
		]
	}
]
