{
	"ident": 1012,
	"order": 10,
	"objtype": "kSubwindow",
	"properties": {
		"alpha": 255,
		"backalpha": 255,
		"backcolor": "RGB(255,255,255)",
		"bordercolor": "kColorDefault",
		"classname": "",
		"cssclassname": "",
		"dataname": "",
		"desgroup": 0,
		"designactive": true,
		"deslock": false,
		"disablesystemfocus": false,
		"effect": "kJSborderNone",
		"enabled": true,
		"events": "",
		"horzscroll": false,
		"linestyle": 1,
		"multipleclasses": false,
		"objlink": 0,
		"parameters": "",
		"preventlayoutanimation": false,
		"tooltip": "",
		"userinfo": "",
		"vertscroll": false,
		"visible": true
	},
	"layout": {
		"320": {
			"left": 9000,
			"top": 223,
			"width": 278,
			"height": 220,
			"dragborder": false,
			"edgefloat": "kEFnone",
			"errortextpos": "kJSErrorTextPosUnder",
			"visible": true
		},
		"768": {
			"left": 9000,
			"top": 136,
			"width": 522,
			"height": 356,
			"dragborder": false,
			"edgefloat": "kEFnone",
			"errortextpos": "kJSErrorTextPosUnder",
			"visible": true
		}
	}
}
