{
	"ident": 1029,
	"order": 8,
	"objtype": "kCheckbox",
	"properties": {
		"active": true,
		"align": "kLeftJst",
		"alpha": 255,
		"backcolor": "kColorDefault",
		"backgroundtheme": "kBGThemeNone",
		"backpattern": 0,
		"bordercolor": "kColorDefault",
		"buttonstyle": "kNoBorderButton",
		"candropcursor": 0,
		"contextmenu": "",
		"cursor": 0,
		"dataname": "iRecordServerStats",
		"desgroup": 0,
		"designactive": true,
		"deslock": false,
		"disablefocus": false,
		"dragborder": false,
		"dragiconid": 0,
		"dragmode": "kNoDragging",
		"dragrange": "kRangeAll",
		"dropmode": "kAcceptNone",
		"edgefloat": "kEFall",
		"enabled": true,
		"fieldstyle": "CtrlCheckBox",
		"font": 4,
		"fontsize": 9,
		"fontstyle": "kPlain",
		"forecolor": "kColorDefault",
		"height": 18,
		"helpfile": 0,
		"iconid": 0,
		"keyevents": false,
		"left": 123,
		"local": false,
		"mouseevents": false,
		"nodropcursor": 0,
		"nogray": false,
		"objlink": 65539,
		"rmouseevents": false,
		"statusevents": false,
		"subwindowstyle": false,
		"text": {
			"type": 0,
			"calc": "Record Server Usage"
		},
		"textcolor": "kColorDefault",
		"tooltip": {
			"type": 0,
			"calc": "Generate server usage statistics"
		},
		"top": 293,
		"userinfo": "",
		"vertcentertext": false,
		"visible": true,
		"width": 174
	}
}
