{
	"classtype": "kSystemtable",
	"internalversion": 46,
	"nextident": 18,
	"properties": {
		"componenttype": "kCompStoreHidden",
		"createdate": "2017-08-29 15:01:09",
		"desc": "",
		"external": false,
		"moddate": "2018-05-13 10:23:25",
		"showascheckedout": true,
		"userinfo": "",
		"version": "0.1"
	},
	"styles": [
		{
			"name": "CtrlHeadedListBox",
			"ident": 1,
			"properties": {
				"desc": "Standard Headed List Box Object",
				"hasalign": false,
				"hasbackcolor": false,
				"hasbackgroundtheme": true,
				"hasbackpattern": false,
				"hasbordercolor": false,
				"haseffect": true,
				"hasfontname": true,
				"hasfontsize": true,
				"hasfontstyle": true,
				"hasforecolor": false,
				"hastextcolor": true
			},
			"platforms": [
				{
					"name": "kMSWindows",
					"properties": {
						"align": "kLeftJst",
						"backcolor": "RGB(0,0,0)",
						"backgroundtheme": "kBGThemeControl",
						"backpattern": 0,
						"bordercolor": "RGB(0,0,0)",
						"effect": "kBorderCtrlList",
						"fontname": "Omnis Windows System",
						"fontsize": 0,
						"fontstyle": "kPlain",
						"forecolor": "RGB(0,0,0)",
						"textcolor": "kColorWindowText"
					}
				},
				{
					"name": "kUnix",
					"properties": {
						"align": "kLeftJst",
						"backcolor": "RGB(0,0,0)",
						"backgroundtheme": "kBGThemeControl",
						"backpattern": 0,
						"bordercolor": "RGB(0,0,0)",
						"effect": "kBorderCtrlList",
						"fontname": "-adobe-helvetica",
						"fontsize": 0,
						"fontstyle": "kPlain",
						"forecolor": "RGB(0,0,0)",
						"textcolor": "kColorWindowText"
					}
				},
				{
					"name": "kmacOS",
					"properties": {
						"align": "kLeftJst",
						"backcolor": "RGB(0,0,0)",
						"backgroundtheme": "kBGThemeControl",
						"backpattern": 0,
						"bordercolor": "RGB(0,0,0)",
						"effect": "kBorderCtrlList",
						"fontname": "Lucida Grande",
						"fontsize": 12,
						"fontstyle": "kPlain",
						"forecolor": "RGB(0,0,0)",
						"textcolor": "kColorWindowText"
					}
				},
				{
					"name": "kJavaScript",
					"properties": {
						"align": "kLeftJst",
						"backcolor": "RGB(0,0,0)",
						"backgroundtheme": "kBGThemeControl",
						"backpattern": 0,
						"bordercolor": "RGB(0,0,0)",
						"effect": "kBorderNone",
						"fontname": "Omnis Windows System",
						"fontsize": 0,
						"fontstyle": "kPlain",
						"forecolor": "RGB(0,0,0)",
						"textcolor": "kColorWindowText"
					}
				}
			]
		},
		{
			"name": "CtrlPushButton",
			"ident": 2,
			"properties": {
				"desc": "Standard Push Button Object",
				"hasalign": false,
				"hasbackcolor": false,
				"hasbackgroundtheme": false,
				"hasbackpattern": false,
				"hasbordercolor": false,
				"haseffect": false,
				"hasfontname": true,
				"hasfontsize": true,
				"hasfontstyle": true,
				"hasforecolor": false,
				"hastextcolor": true
			},
			"platforms": [
				{
					"name": "kMSWindows",
					"properties": {
						"align": "kLeftJst",
						"backcolor": "RGB(0,0,0)",
						"backgroundtheme": "kBGThemeNone",
						"backpattern": 0,
						"bordercolor": "RGB(0,0,0)",
						"effect": "kBorderNone",
						"fontname": "Omnis Windows System",
						"fontsize": 0,
						"fontstyle": "kPlain",
						"forecolor": "RGB(0,0,0)",
						"textcolor": "kColorBtnText"
					}
				},
				{
					"name": "kUnix",
					"properties": {
						"align": "kLeftJst",
						"backcolor": "RGB(0,0,0)",
						"backgroundtheme": "kBGThemeNone",
						"backpattern": 0,
						"bordercolor": "RGB(0,0,0)",
						"effect": "kBorderNone",
						"fontname": "-adobe-helvetica",
						"fontsize": 0,
						"fontstyle": "kPlain",
						"forecolor": "RGB(0,0,0)",
						"textcolor": "kColorBtnText"
					}
				},
				{
					"name": "kmacOS",
					"properties": {
						"align": "kLeftJst",
						"backcolor": "RGB(0,0,0)",
						"backgroundtheme": "kBGThemeNone",
						"backpattern": 0,
						"bordercolor": "RGB(0,0,0)",
						"effect": "kBorderNone",
						"fontname": "ThemePushButton",
						"fontsize": 0,
						"fontstyle": "kPlain",
						"forecolor": "RGB(0,0,0)",
						"textcolor": "kColorBtnText"
					}
				},
				{
					"name": "kJavaScript",
					"properties": {
						"align": "kLeftJst",
						"backcolor": "RGB(0,0,0)",
						"backgroundtheme": "kBGThemeNone",
						"backpattern": 0,
						"bordercolor": "RGB(0,0,0)",
						"effect": "kBorderNone",
						"fontname": "Omnis Windows System",
						"fontsize": 0,
						"fontstyle": "kPlain",
						"forecolor": "RGB(0,0,0)",
						"textcolor": "kColorBtnText"
					}
				}
			]
		},
		{
			"name": "CtrlEditText",
			"ident": 3,
			"properties": {
				"desc": "Standard Edit Text Object",
				"hasalign": false,
				"hasbackcolor": false,
				"hasbackgroundtheme": true,
				"hasbackpattern": false,
				"hasbordercolor": false,
				"haseffect": true,
				"hasfontname": true,
				"hasfontsize": true,
				"hasfontstyle": true,
				"hasforecolor": false,
				"hastextcolor": true
			},
			"platforms": [
				{
					"name": "kMSWindows",
					"properties": {
						"align": "kLeftJst",
						"backcolor": "RGB(0,0,0)",
						"backgroundtheme": "kBGThemeControl",
						"backpattern": 0,
						"bordercolor": "RGB(0,0,0)",
						"effect": "kBorderCtrlEdit",
						"fontname": "Omnis Windows System",
						"fontsize": 0,
						"fontstyle": "kPlain",
						"forecolor": "RGB(0,0,0)",
						"textcolor": "kColorWindowText"
					}
				},
				{
					"name": "kUnix",
					"properties": {
						"align": "kLeftJst",
						"backcolor": "RGB(0,0,0)",
						"backgroundtheme": "kBGThemeControl",
						"backpattern": 0,
						"bordercolor": "RGB(0,0,0)",
						"effect": "kBorderCtrlEdit",
						"fontname": "-adobe-helvetica",
						"fontsize": 0,
						"fontstyle": "kPlain",
						"forecolor": "RGB(0,0,0)",
						"textcolor": "kColorWindowText"
					}
				},
				{
					"name": "kmacOS",
					"properties": {
						"align": "kLeftJst",
						"backcolor": "RGB(0,0,0)",
						"backgroundtheme": "kBGThemeControl",
						"backpattern": 0,
						"bordercolor": "RGB(0,0,0)",
						"effect": "kBorderCtrlEdit",
						"fontname": "ThemeSmallSystem",
						"fontsize": 0,
						"fontstyle": "kPlain",
						"forecolor": "RGB(0,0,0)",
						"textcolor": "kColorWindowText"
					}
				},
				{
					"name": "kJavaScript",
					"properties": {
						"align": "kLeftJst",
						"backcolor": "RGB(0,0,0)",
						"backgroundtheme": "kBGThemeControl",
						"backpattern": 0,
						"bordercolor": "RGB(0,0,0)",
						"effect": "kBorderNone",
						"fontname": "Omnis Windows System",
						"fontsize": 0,
						"fontstyle": "kPlain",
						"forecolor": "RGB(0,0,0)",
						"textcolor": "kColorWindowText"
					}
				}
			]
		},
		{
			"name": "CtrlLabel",
			"ident": 4,
			"properties": {
				"desc": "Standard Background Label Object",
				"hasalign": false,
				"hasbackcolor": false,
				"hasbackgroundtheme": false,
				"hasbackpattern": true,
				"hasbordercolor": false,
				"haseffect": false,
				"hasfontname": true,
				"hasfontsize": true,
				"hasfontstyle": true,
				"hasforecolor": false,
				"hastextcolor": true
			},
			"platforms": [
				{
					"name": "kMSWindows",
					"properties": {
						"align": "kLeftJst",
						"backcolor": "RGB(0,0,0)",
						"backgroundtheme": "kBGThemeNone",
						"backpattern": 15,
						"bordercolor": "RGB(0,0,0)",
						"effect": "kBorderNone",
						"fontname": "Tahoma",
						"fontsize": 8,
						"fontstyle": "kPlain",
						"forecolor": "RGB(0,0,0)",
						"textcolor": "kColorWindowText"
					}
				},
				{
					"name": "kUnix",
					"properties": {
						"align": "kLeftJst",
						"backcolor": "RGB(0,0,0)",
						"backgroundtheme": "kBGThemeNone",
						"backpattern": 15,
						"bordercolor": "RGB(0,0,0)",
						"effect": "kBorderNone",
						"fontname": "-adobe-helvetica",
						"fontsize": 9,
						"fontstyle": "kPlain",
						"forecolor": "RGB(0,0,0)",
						"textcolor": "kColorWindowText"
					}
				},
				{
					"name": "kmacOS",
					"properties": {
						"align": "kLeftJst",
						"backcolor": "RGB(0,0,0)",
						"backgroundtheme": "kBGThemeNone",
						"backpattern": 15,
						"bordercolor": "RGB(0,0,0)",
						"effect": "kBorderNone",
						"fontname": "ThemeLabel",
						"fontsize": 0,
						"fontstyle": "kPlain",
						"forecolor": "RGB(0,0,0)",
						"textcolor": "kColorWindowText"
					}
				},
				{
					"name": "kJavaScript",
					"properties": {
						"align": "kLeftJst",
						"backcolor": "RGB(0,0,0)",
						"backgroundtheme": "kBGThemeNone",
						"backpattern": 15,
						"bordercolor": "RGB(0,0,0)",
						"effect": "kBorderNone",
						"fontname": "Tahoma",
						"fontsize": 8,
						"fontstyle": "kPlain",
						"forecolor": "RGB(0,0,0)",
						"textcolor": "kColorWindowText"
					}
				}
			]
		},
		{
			"name": "CtrlDataGrid",
			"ident": 5,
			"properties": {
				"desc": "Standard Data Grid Object",
				"hasalign": false,
				"hasbackcolor": false,
				"hasbackgroundtheme": true,
				"hasbackpattern": false,
				"hasbordercolor": false,
				"haseffect": true,
				"hasfontname": true,
				"hasfontsize": true,
				"hasfontstyle": true,
				"hasforecolor": false,
				"hastextcolor": true
			},
			"platforms": [
				{
					"name": "kMSWindows",
					"properties": {
						"align": "kLeftJst",
						"backcolor": "RGB(0,0,0)",
						"backgroundtheme": "kBGThemeNone",
						"backpattern": 0,
						"bordercolor": "RGB(0,0,0)",
						"effect": "kBorderCtrlList",
						"fontname": "Omnis Windows System",
						"fontsize": 0,
						"fontstyle": "kPlain",
						"forecolor": "RGB(0,0,0)",
						"textcolor": "kColorWindowText"
					}
				},
				{
					"name": "kUnix",
					"properties": {
						"align": "kLeftJst",
						"backcolor": "RGB(0,0,0)",
						"backgroundtheme": "kBGThemeNone",
						"backpattern": 0,
						"bordercolor": "RGB(0,0,0)",
						"effect": "kBorderCtrlList",
						"fontname": "-adobe-helvetica",
						"fontsize": 0,
						"fontstyle": "kPlain",
						"forecolor": "RGB(0,0,0)",
						"textcolor": "kColorWindowText"
					}
				},
				{
					"name": "kmacOS",
					"properties": {
						"align": "kLeftJst",
						"backcolor": "RGB(0,0,0)",
						"backgroundtheme": "kBGThemeNone",
						"backpattern": 0,
						"bordercolor": "RGB(0,0,0)",
						"effect": "kBorderCtrlEdit",
						"fontname": "Lucida Grande",
						"fontsize": 12,
						"fontstyle": "kPlain",
						"forecolor": "RGB(0,0,0)",
						"textcolor": "kColorWindowText"
					}
				},
				{
					"name": "kJavaScript",
					"properties": {
						"align": "kLeftJst",
						"backcolor": "RGB(0,0,0)",
						"backgroundtheme": "kBGThemeNone",
						"backpattern": 0,
						"bordercolor": "RGB(0,0,0)",
						"effect": "kBorderNone",
						"fontname": "Omnis Windows System",
						"fontsize": 0,
						"fontstyle": "kPlain",
						"forecolor": "RGB(0,0,0)",
						"textcolor": "kColorWindowText"
					}
				}
			]
		},
		{
			"name": "CtrlTabPane",
			"ident": 6,
			"properties": {
				"desc": "Standard Tab Pane Object",
				"hasalign": false,
				"hasbackcolor": false,
				"hasbackgroundtheme": true,
				"hasbackpattern": false,
				"hasbordercolor": false,
				"haseffect": false,
				"hasfontname": true,
				"hasfontsize": true,
				"hasfontstyle": true,
				"hasforecolor": false,
				"hastextcolor": true
			},
			"platforms": [
				{
					"name": "kMSWindows",
					"properties": {
						"align": "kLeftJst",
						"backcolor": "RGB(0,0,0)",
						"backgroundtheme": "kBGThemeParent",
						"backpattern": 0,
						"bordercolor": "RGB(0,0,0)",
						"effect": "kBorderNone",
						"fontname": "Omnis Windows System",
						"fontsize": 0,
						"fontstyle": "kPlain",
						"forecolor": "RGB(0,0,0)",
						"textcolor": "kColorBtnText"
					}
				},
				{
					"name": "kUnix",
					"properties": {
						"align": "kLeftJst",
						"backcolor": "RGB(0,0,0)",
						"backgroundtheme": "kBGThemeParent",
						"backpattern": 0,
						"bordercolor": "RGB(0,0,0)",
						"effect": "kBorderNone",
						"fontname": "-adobe-helvetica",
						"fontsize": 0,
						"fontstyle": "kPlain",
						"forecolor": "RGB(0,0,0)",
						"textcolor": "kColorBtnText"
					}
				},
				{
					"name": "kmacOS",
					"properties": {
						"align": "kLeftJst",
						"backcolor": "RGB(0,0,0)",
						"backgroundtheme": "kBGThemeParent",
						"backpattern": 0,
						"bordercolor": "RGB(0,0,0)",
						"effect": "kBorderNone",
						"fontname": "ThemePushButton",
						"fontsize": 0,
						"fontstyle": "kPlain",
						"forecolor": "RGB(0,0,0)",
						"textcolor": "kColorBtnText"
					}
				},
				{
					"name": "kJavaScript",
					"properties": {
						"align": "kLeftJst",
						"backcolor": "RGB(0,0,0)",
						"backgroundtheme": "kBGThemeParent",
						"backpattern": 0,
						"bordercolor": "RGB(0,0,0)",
						"effect": "kBorderNone",
						"fontname": "Omnis Windows System",
						"fontsize": 0,
						"fontstyle": "kPlain",
						"forecolor": "RGB(0,0,0)",
						"textcolor": "kColorBtnText"
					}
				}
			]
		},
		{
			"name": "CtrlGroupBox",
			"ident": 7,
			"properties": {
				"desc": "Standard Group Box Object",
				"hasalign": false,
				"hasbackcolor": false,
				"hasbackgroundtheme": true,
				"hasbackpattern": false,
				"hasbordercolor": false,
				"haseffect": true,
				"hasfontname": true,
				"hasfontsize": true,
				"hasfontstyle": true,
				"hasforecolor": false,
				"hastextcolor": true
			},
			"platforms": [
				{
					"name": "kMSWindows",
					"properties": {
						"align": "kLeftJst",
						"backcolor": "RGB(0,0,0)",
						"backgroundtheme": "kBGThemeParent",
						"backpattern": 0,
						"bordercolor": "RGB(0,0,0)",
						"effect": "kBorderCtrlGroupBox",
						"fontname": "Omnis Windows System",
						"fontsize": 0,
						"fontstyle": "kPlain",
						"forecolor": "RGB(0,0,0)",
						"textcolor": "kColorWindowText"
					}
				},
				{
					"name": "kUnix",
					"properties": {
						"align": "kLeftJst",
						"backcolor": "RGB(0,0,0)",
						"backgroundtheme": "kBGThemeParent",
						"backpattern": 0,
						"bordercolor": "RGB(0,0,0)",
						"effect": "kBorderCtrlGroupBox",
						"fontname": "-adobe-helvetica",
						"fontsize": 0,
						"fontstyle": "kPlain",
						"forecolor": "RGB(0,0,0)",
						"textcolor": "kColorWindowText"
					}
				},
				{
					"name": "kmacOS",
					"properties": {
						"align": "kLeftJst",
						"backcolor": "RGB(0,0,0)",
						"backgroundtheme": "kBGThemeParent",
						"backpattern": 0,
						"bordercolor": "RGB(0,0,0)",
						"effect": "kBorderCtrlGroupBox",
						"fontname": "ThemeSmallSystem",
						"fontsize": 0,
						"fontstyle": "kPlain",
						"forecolor": "RGB(0,0,0)",
						"textcolor": "kColorWindowText"
					}
				},
				{
					"name": "kJavaScript",
					"properties": {
						"align": "kLeftJst",
						"backcolor": "RGB(0,0,0)",
						"backgroundtheme": "kBGThemeParent",
						"backpattern": 0,
						"bordercolor": "RGB(0,0,0)",
						"effect": "kBorderNone",
						"fontname": "Omnis Windows System",
						"fontsize": 0,
						"fontstyle": "kPlain",
						"forecolor": "RGB(0,0,0)",
						"textcolor": "kColorWindowText"
					}
				}
			]
		},
		{
			"name": "CtrlCheckBox",
			"ident": 8,
			"properties": {
				"desc": "Standard Check Box",
				"hasalign": false,
				"hasbackcolor": false,
				"hasbackgroundtheme": true,
				"hasbackpattern": false,
				"hasbordercolor": false,
				"haseffect": false,
				"hasfontname": true,
				"hasfontsize": true,
				"hasfontstyle": true,
				"hasforecolor": false,
				"hastextcolor": true
			},
			"platforms": [
				{
					"name": "kMSWindows",
					"properties": {
						"align": "kLeftJst",
						"backcolor": "RGB(0,0,0)",
						"backgroundtheme": "kBGThemeParent",
						"backpattern": 0,
						"bordercolor": "RGB(0,0,0)",
						"effect": "kBorderNone",
						"fontname": "Omnis Windows System",
						"fontsize": 0,
						"fontstyle": "kPlain",
						"forecolor": "RGB(0,0,0)",
						"textcolor": "kColorBtnText"
					}
				},
				{
					"name": "kUnix",
					"properties": {
						"align": "kLeftJst",
						"backcolor": "RGB(0,0,0)",
						"backgroundtheme": "kBGThemeParent",
						"backpattern": 0,
						"bordercolor": "RGB(0,0,0)",
						"effect": "kBorderNone",
						"fontname": "-adobe-helvetica",
						"fontsize": 0,
						"fontstyle": "kPlain",
						"forecolor": "RGB(0,0,0)",
						"textcolor": "kColorBtnText"
					}
				},
				{
					"name": "kmacOS",
					"properties": {
						"align": "kLeftJst",
						"backcolor": "RGB(0,0,0)",
						"backgroundtheme": "kBGThemeParent",
						"backpattern": 0,
						"bordercolor": "RGB(0,0,0)",
						"effect": "kBorderNone",
						"fontname": "ThemeApplication",
						"fontsize": 0,
						"fontstyle": "kPlain",
						"forecolor": "RGB(0,0,0)",
						"textcolor": "kColorBtnText"
					}
				},
				{
					"name": "kJavaScript",
					"properties": {
						"align": "kLeftJst",
						"backcolor": "RGB(0,0,0)",
						"backgroundtheme": "kBGThemeParent",
						"backpattern": 0,
						"bordercolor": "RGB(0,0,0)",
						"effect": "kBorderNone",
						"fontname": "Omnis Windows System",
						"fontsize": 0,
						"fontstyle": "kPlain",
						"forecolor": "RGB(0,0,0)",
						"textcolor": "kColorBtnText"
					}
				}
			]
		},
		{
			"name": "CtrlTreeList",
			"ident": 9,
			"properties": {
				"desc": "Standard Tree List Object",
				"hasalign": false,
				"hasbackcolor": false,
				"hasbackgroundtheme": true,
				"hasbackpattern": false,
				"hasbordercolor": false,
				"haseffect": true,
				"hasfontname": true,
				"hasfontsize": true,
				"hasfontstyle": true,
				"hasforecolor": false,
				"hastextcolor": true
			},
			"platforms": [
				{
					"name": "kMSWindows",
					"properties": {
						"align": "kLeftJst",
						"backcolor": "RGB(0,0,0)",
						"backgroundtheme": "kBGThemeControl",
						"backpattern": 0,
						"bordercolor": "RGB(0,0,0)",
						"effect": "kBorderCtrlList",
						"fontname": "Omnis Windows System",
						"fontsize": 0,
						"fontstyle": "kPlain",
						"forecolor": "RGB(0,0,0)",
						"textcolor": "kColorWindowText"
					}
				},
				{
					"name": "kUnix",
					"properties": {
						"align": "kLeftJst",
						"backcolor": "RGB(0,0,0)",
						"backgroundtheme": "kBGThemeControl",
						"backpattern": 0,
						"bordercolor": "RGB(0,0,0)",
						"effect": "kBorderCtrlList",
						"fontname": "-adobe-helvetica",
						"fontsize": 0,
						"fontstyle": "kPlain",
						"forecolor": "RGB(0,0,0)",
						"textcolor": "kColorWindowText"
					}
				},
				{
					"name": "kmacOS",
					"properties": {
						"align": "kLeftJst",
						"backcolor": "RGB(0,0,0)",
						"backgroundtheme": "kBGThemeControl",
						"backpattern": 0,
						"bordercolor": "RGB(0,0,0)",
						"effect": "kBorderCtrlList",
						"fontname": "ThemeSmallSystem",
						"fontsize": 0,
						"fontstyle": "kPlain",
						"forecolor": "RGB(0,0,0)",
						"textcolor": "kColorWindowText"
					}
				},
				{
					"name": "kJavaScript",
					"properties": {
						"align": "kLeftJst",
						"backcolor": "RGB(0,0,0)",
						"backgroundtheme": "kBGThemeControl",
						"backpattern": 0,
						"bordercolor": "RGB(0,0,0)",
						"effect": "kBorderNone",
						"fontname": "Omnis Windows System",
						"fontsize": 0,
						"fontstyle": "kPlain",
						"forecolor": "RGB(0,0,0)",
						"textcolor": "kColorWindowText"
					}
				}
			]
		},
		{
			"name": "CtrlPagedPane",
			"ident": 10,
			"properties": {
				"desc": "Standard Paged Pane Object",
				"hasalign": false,
				"hasbackcolor": false,
				"hasbackgroundtheme": true,
				"hasbackpattern": false,
				"hasbordercolor": false,
				"haseffect": false,
				"hasfontname": false,
				"hasfontsize": false,
				"hasfontstyle": false,
				"hasforecolor": false,
				"hastextcolor": false
			},
			"platforms": [
				{
					"name": "kMSWindows",
					"properties": {
						"align": "kLeftJst",
						"backcolor": "RGB(0,0,0)",
						"backgroundtheme": "kBGThemeParent",
						"backpattern": 0,
						"bordercolor": "RGB(0,0,0)",
						"effect": "kBorderNone",
						"fontname": "",
						"fontsize": 0,
						"fontstyle": "kPlain",
						"forecolor": "RGB(0,0,0)",
						"textcolor": "RGB(0,0,0)"
					}
				},
				{
					"name": "kUnix",
					"properties": {
						"align": "kLeftJst",
						"backcolor": "RGB(0,0,0)",
						"backgroundtheme": "kBGThemeParent",
						"backpattern": 0,
						"bordercolor": "RGB(0,0,0)",
						"effect": "kBorderEmbossed",
						"fontname": "",
						"fontsize": 0,
						"fontstyle": "kPlain",
						"forecolor": "RGB(0,0,0)",
						"textcolor": "RGB(0,0,0)"
					}
				},
				{
					"name": "kmacOS",
					"properties": {
						"align": "kLeftJst",
						"backcolor": "RGB(0,0,0)",
						"backgroundtheme": "kBGThemeParent",
						"backpattern": 0,
						"bordercolor": "RGB(0,0,0)",
						"effect": "kBorderEmbossed",
						"fontname": "",
						"fontsize": 0,
						"fontstyle": "kPlain",
						"forecolor": "RGB(0,0,0)",
						"textcolor": "RGB(0,0,0)"
					}
				},
				{
					"name": "kJavaScript",
					"properties": {
						"align": "kLeftJst",
						"backcolor": "RGB(0,0,0)",
						"backgroundtheme": "kBGThemeParent",
						"backpattern": 0,
						"bordercolor": "RGB(0,0,0)",
						"effect": "kBorderNone",
						"fontname": "",
						"fontsize": 0,
						"fontstyle": "kPlain",
						"forecolor": "RGB(0,0,0)",
						"textcolor": "RGB(0,0,0)"
					}
				}
			]
		},
		{
			"name": "CtrlTabStrip",
			"ident": 11,
			"properties": {
				"desc": "Standard Tab Strip Object",
				"hasalign": false,
				"hasbackcolor": false,
				"hasbackgroundtheme": false,
				"hasbackpattern": false,
				"hasbordercolor": false,
				"haseffect": false,
				"hasfontname": true,
				"hasfontsize": true,
				"hasfontstyle": true,
				"hasforecolor": false,
				"hastextcolor": false
			},
			"platforms": [
				{
					"name": "kMSWindows",
					"properties": {
						"align": "kLeftJst",
						"backcolor": "RGB(0,0,0)",
						"backgroundtheme": "kBGThemeNone",
						"backpattern": 0,
						"bordercolor": "RGB(0,0,0)",
						"effect": "kBorderNone",
						"fontname": "Omnis Windows System",
						"fontsize": 0,
						"fontstyle": "kPlain",
						"forecolor": "RGB(0,0,0)",
						"textcolor": "kColorWindowText"
					}
				},
				{
					"name": "kUnix",
					"properties": {
						"align": "kLeftJst",
						"backcolor": "RGB(0,0,0)",
						"backgroundtheme": "kBGThemeNone",
						"backpattern": 0,
						"bordercolor": "RGB(0,0,0)",
						"effect": "kBorderNone",
						"fontname": "-adobe-helvetica",
						"fontsize": 0,
						"fontstyle": "kPlain",
						"forecolor": "RGB(0,0,0)",
						"textcolor": "kColorWindowText"
					}
				},
				{
					"name": "kmacOS",
					"properties": {
						"align": "kLeftJst",
						"backcolor": "RGB(0,0,0)",
						"backgroundtheme": "kBGThemeNone",
						"backpattern": 0,
						"bordercolor": "RGB(0,0,0)",
						"effect": "kBorderNone",
						"fontname": "Geneva",
						"fontsize": 10,
						"fontstyle": "kPlain",
						"forecolor": "RGB(0,0,0)",
						"textcolor": "kColorWindowText"
					}
				},
				{
					"name": "kJavaScript",
					"properties": {
						"align": "kLeftJst",
						"backcolor": "RGB(0,0,0)",
						"backgroundtheme": "kBGThemeNone",
						"backpattern": 0,
						"bordercolor": "RGB(0,0,0)",
						"effect": "kBorderNone",
						"fontname": "Omnis Windows System",
						"fontsize": 0,
						"fontstyle": "kPlain",
						"forecolor": "RGB(0,0,0)",
						"textcolor": "kColorWindowText"
					}
				}
			]
		},
		{
			"name": "CtrlSubWindow",
			"ident": 12,
			"properties": {
				"desc": "Standard Sub Window Object",
				"hasalign": false,
				"hasbackcolor": false,
				"hasbackgroundtheme": true,
				"hasbackpattern": false,
				"hasbordercolor": false,
				"haseffect": true,
				"hasfontname": false,
				"hasfontsize": false,
				"hasfontstyle": false,
				"hasforecolor": false,
				"hastextcolor": false
			},
			"platforms": [
				{
					"name": "kMSWindows",
					"properties": {
						"align": "kLeftJst",
						"backcolor": "RGB(0,0,0)",
						"backgroundtheme": "kBGThemeParent",
						"backpattern": 0,
						"bordercolor": "RGB(0,0,0)",
						"effect": "kBorderNone",
						"fontname": "",
						"fontsize": 0,
						"fontstyle": "kPlain",
						"forecolor": "RGB(0,0,0)",
						"textcolor": "RGB(0,0,0)"
					}
				},
				{
					"name": "kUnix",
					"properties": {
						"align": "kLeftJst",
						"backcolor": "RGB(0,0,0)",
						"backgroundtheme": "kBGThemeParent",
						"backpattern": 0,
						"bordercolor": "RGB(0,0,0)",
						"effect": "kBorderNone",
						"fontname": "",
						"fontsize": 0,
						"fontstyle": "kPlain",
						"forecolor": "RGB(0,0,0)",
						"textcolor": "RGB(0,0,0)"
					}
				},
				{
					"name": "kmacOS",
					"properties": {
						"align": "kLeftJst",
						"backcolor": "RGB(0,0,0)",
						"backgroundtheme": "kBGThemeParent",
						"backpattern": 0,
						"bordercolor": "RGB(0,0,0)",
						"effect": "kBorderNone",
						"fontname": "",
						"fontsize": 0,
						"fontstyle": "kPlain",
						"forecolor": "RGB(0,0,0)",
						"textcolor": "RGB(0,0,0)"
					}
				},
				{
					"name": "kJavaScript",
					"properties": {
						"align": "kLeftJst",
						"backcolor": "RGB(0,0,0)",
						"backgroundtheme": "kBGThemeParent",
						"backpattern": 0,
						"bordercolor": "RGB(0,0,0)",
						"effect": "kBorderNone",
						"fontname": "",
						"fontsize": 0,
						"fontstyle": "kPlain",
						"forecolor": "RGB(0,0,0)",
						"textcolor": "RGB(0,0,0)"
					}
				}
			]
		},
		{
			"name": "OMNISfield",
			"ident": 13,
			"properties": {
				"desc": "Standard Field",
				"hasalign": false,
				"hasbackcolor": false,
				"hasbackgroundtheme": false,
				"hasbackpattern": false,
				"hasbordercolor": false,
				"haseffect": false,
				"hasfontname": true,
				"hasfontsize": true,
				"hasfontstyle": false,
				"hasforecolor": false,
				"hastextcolor": false
			},
			"platforms": [
				{
					"name": "kMSWindows",
					"properties": {
						"align": "kLeftJst",
						"backcolor": "RGB(0,0,0)",
						"backgroundtheme": "kBGThemeNone",
						"backpattern": 0,
						"bordercolor": "RGB(0,0,0)",
						"effect": "kBorderNone",
						"fontname": "MS Sans Serif",
						"fontsize": 9,
						"fontstyle": "kPlain",
						"forecolor": "RGB(0,0,0)",
						"textcolor": "RGB(0,0,0)"
					}
				},
				{
					"name": "kUnix",
					"properties": {
						"align": "kLeftJst",
						"backcolor": "RGB(0,0,0)",
						"backgroundtheme": "kBGThemeNone",
						"backpattern": 0,
						"bordercolor": "RGB(0,0,0)",
						"effect": "kBorderNone",
						"fontname": "-adobe-helvetica",
						"fontsize": 9,
						"fontstyle": "kPlain",
						"forecolor": "RGB(0,0,0)",
						"textcolor": "RGB(0,0,0)"
					}
				},
				{
					"name": "kmacOS",
					"properties": {
						"align": "kLeftJst",
						"backcolor": "RGB(0,0,0)",
						"backgroundtheme": "kBGThemeNone",
						"backpattern": 0,
						"bordercolor": "RGB(0,0,0)",
						"effect": "kBorderNone",
						"fontname": "Geneva",
						"fontsize": 9,
						"fontstyle": "kPlain",
						"forecolor": "RGB(0,0,0)",
						"textcolor": "RGB(0,0,0)"
					}
				}
			]
		},
		{
			"name": "CtrlIconArray",
			"ident": 14,
			"properties": {
				"desc": "Standard Icon Array Object",
				"hasalign": false,
				"hasbackcolor": false,
				"hasbackgroundtheme": true,
				"hasbackpattern": false,
				"hasbordercolor": false,
				"haseffect": true,
				"hasfontname": true,
				"hasfontsize": true,
				"hasfontstyle": true,
				"hasforecolor": false,
				"hastextcolor": true
			},
			"platforms": [
				{
					"name": "kMSWindows",
					"properties": {
						"align": "kLeftJst",
						"backcolor": "RGB(0,0,0)",
						"backgroundtheme": "kBGThemeControl",
						"backpattern": 0,
						"bordercolor": "RGB(0,0,0)",
						"effect": "kBorderCtrlList",
						"fontname": "Omnis Windows System",
						"fontsize": 0,
						"fontstyle": "kPlain",
						"forecolor": "RGB(0,0,0)",
						"textcolor": "kColorWindowText"
					}
				},
				{
					"name": "kUnix",
					"properties": {
						"align": "kLeftJst",
						"backcolor": "RGB(0,0,0)",
						"backgroundtheme": "kBGThemeControl",
						"backpattern": 0,
						"bordercolor": "RGB(0,0,0)",
						"effect": "kBorderCtrlList",
						"fontname": "-adobe-helvetica",
						"fontsize": 0,
						"fontstyle": "kPlain",
						"forecolor": "RGB(0,0,0)",
						"textcolor": "kColorWindowText"
					}
				},
				{
					"name": "kmacOS",
					"properties": {
						"align": "kLeftJst",
						"backcolor": "RGB(0,0,0)",
						"backgroundtheme": "kBGThemeControl",
						"backpattern": 0,
						"bordercolor": "RGB(0,0,0)",
						"effect": "kBorderCtrlList",
						"fontname": "ThemeSmallSystem",
						"fontsize": 12,
						"fontstyle": "kPlain",
						"forecolor": "RGB(0,0,0)",
						"textcolor": "kColorWindowText"
					}
				},
				{
					"name": "kJavaScript",
					"properties": {
						"align": "kLeftJst",
						"backcolor": "RGB(0,0,0)",
						"backgroundtheme": "kBGThemeControl",
						"backpattern": 0,
						"bordercolor": "RGB(0,0,0)",
						"effect": "kBorderNone",
						"fontname": "Omnis Windows System",
						"fontsize": 0,
						"fontstyle": "kPlain",
						"forecolor": "RGB(0,0,0)",
						"textcolor": "kColorWindowText"
					}
				}
			]
		},
		{
			"name": "CtrlListBox",
			"ident": 15,
			"properties": {
				"desc": "Standard List Box Object",
				"hasalign": false,
				"hasbackcolor": false,
				"hasbackgroundtheme": true,
				"hasbackpattern": false,
				"hasbordercolor": false,
				"haseffect": true,
				"hasfontname": true,
				"hasfontsize": true,
				"hasfontstyle": true,
				"hasforecolor": false,
				"hastextcolor": true
			},
			"platforms": [
				{
					"name": "kMSWindows",
					"properties": {
						"align": "kLeftJst",
						"backcolor": "RGB(0,0,0)",
						"backgroundtheme": "kBGThemeControl",
						"backpattern": 0,
						"bordercolor": "RGB(0,0,0)",
						"effect": "kBorderCtrlList",
						"fontname": "Omnis Windows System",
						"fontsize": 0,
						"fontstyle": "kPlain",
						"forecolor": "RGB(0,0,0)",
						"textcolor": "kColorWindowText"
					}
				},
				{
					"name": "kUnix",
					"properties": {
						"align": "kLeftJst",
						"backcolor": "RGB(0,0,0)",
						"backgroundtheme": "kBGThemeControl",
						"backpattern": 0,
						"bordercolor": "RGB(0,0,0)",
						"effect": "kBorderCtrlList",
						"fontname": "-adobe-helvetica",
						"fontsize": 0,
						"fontstyle": "kPlain",
						"forecolor": "RGB(0,0,0)",
						"textcolor": "kColorWindowText"
					}
				},
				{
					"name": "kmacOS",
					"properties": {
						"align": "kLeftJst",
						"backcolor": "RGB(0,0,0)",
						"backgroundtheme": "kBGThemeControl",
						"backpattern": 0,
						"bordercolor": "RGB(0,0,0)",
						"effect": "kBorderCtrlList",
						"fontname": "Lucida Grande",
						"fontsize": 12,
						"fontstyle": "kPlain",
						"forecolor": "RGB(0,0,0)",
						"textcolor": "kColorWindowText"
					}
				},
				{
					"name": "kJavaScript",
					"properties": {
						"align": "kLeftJst",
						"backcolor": "RGB(0,0,0)",
						"backgroundtheme": "kBGThemeControl",
						"backpattern": 0,
						"bordercolor": "RGB(0,0,0)",
						"effect": "kBorderNone",
						"fontname": "Omnis Windows System",
						"fontsize": 0,
						"fontstyle": "kPlain",
						"forecolor": "RGB(0,0,0)",
						"textcolor": "kColorWindowText"
					}
				}
			]
		},
		{
			"name": "AppField",
			"ident": 16,
			"properties": {
				"desc": "",
				"hasalign": false,
				"hasbackcolor": true,
				"hasbackgroundtheme": false,
				"hasbackpattern": false,
				"hasbordercolor": true,
				"haseffect": true,
				"hasfontname": true,
				"hasfontsize": true,
				"hasfontstyle": false,
				"hasforecolor": true,
				"hastextcolor": true
			},
			"platforms": [
				{
					"name": "kJavaScript",
					"properties": {
						"align": "kLeftJst",
						"backcolor": "kWhite",
						"backgroundtheme": "kBGThemeNone",
						"backpattern": 0,
						"bordercolor": "RGB(85,85,85)",
						"effect": "kBorderPlain",
						"fontname": "Verdana,Arial,Helvetica,Sans-serif",
						"fontsize": 10,
						"fontstyle": "kPlain",
						"forecolor": "kWhite",
						"textcolor": "RGB(0,0,0)"
					}
				},
				{
					"name": "kMSWindows",
					"properties": {
						"align": "kLeftJst",
						"backcolor": "kWhite",
						"backgroundtheme": "kBGThemeNone",
						"backpattern": 0,
						"bordercolor": "RGB(85,85,85)",
						"effect": "kBorderPlain",
						"fontname": "Arial",
						"fontsize": 12,
						"fontstyle": "kPlain",
						"forecolor": "kWhite",
						"textcolor": "RGB(0,0,0)"
					}
				},
				{
					"name": "kmacOS",
					"properties": {
						"align": "kLeftJst",
						"backcolor": "kWhite",
						"backgroundtheme": "kBGThemeNone",
						"backpattern": 0,
						"bordercolor": "RGB(85,85,85)",
						"effect": "kBorderNone",
						"fontname": "Lucida Grande",
						"fontsize": 14,
						"fontstyle": "kPlain",
						"forecolor": "kWhite",
						"textcolor": "RGB(0,0,0)"
					}
				}
			]
		},
		{
			"name": "CtrlPicture",
			"ident": 17,
			"properties": {
				"desc": "Standard Picture Object",
				"hasalign": false,
				"hasbackcolor": false,
				"hasbackgroundtheme": true,
				"hasbackpattern": false,
				"hasbordercolor": false,
				"haseffect": true,
				"hasfontname": false,
				"hasfontsize": false,
				"hasfontstyle": false,
				"hasforecolor": false,
				"hastextcolor": false
			},
			"platforms": [
				{
					"name": "kMSWindows",
					"properties": {
						"align": "kLeftJst",
						"backcolor": "RGB(0,0,0)",
						"backgroundtheme": "kBGThemeControl",
						"backpattern": 0,
						"bordercolor": "RGB(0,0,0)",
						"effect": "kBorderCtrlEdit",
						"fontname": "",
						"fontsize": 0,
						"fontstyle": "kPlain",
						"forecolor": "RGB(0,0,0)",
						"textcolor": "RGB(0,0,0)"
					}
				},
				{
					"name": "kUnix",
					"properties": {
						"align": "kLeftJst",
						"backcolor": "RGB(0,0,0)",
						"backgroundtheme": "kBGThemeControl",
						"backpattern": 0,
						"bordercolor": "RGB(0,0,0)",
						"effect": "kBorderCtrlEdit",
						"fontname": "",
						"fontsize": 0,
						"fontstyle": "kPlain",
						"forecolor": "RGB(0,0,0)",
						"textcolor": "RGB(0,0,0)"
					}
				},
				{
					"name": "kmacOS",
					"properties": {
						"align": "kLeftJst",
						"backcolor": "RGB(0,0,0)",
						"backgroundtheme": "kBGThemeControl",
						"backpattern": 0,
						"bordercolor": "RGB(0,0,0)",
						"effect": "kBorderCtrlEdit",
						"fontname": "",
						"fontsize": 0,
						"fontstyle": "kPlain",
						"forecolor": "RGB(0,0,0)",
						"textcolor": "RGB(0,0,0)"
					}
				},
				{
					"name": "kJavaScript",
					"properties": {
						"align": "kLeftJst",
						"backcolor": "RGB(0,0,0)",
						"backgroundtheme": "kBGThemeControl",
						"backpattern": 0,
						"bordercolor": "RGB(0,0,0)",
						"effect": "kBorderNone",
						"fontname": "Verdana,Arial,Helvetica,Sans-serif",
						"fontsize": 10,
						"fontstyle": "kPlain",
						"forecolor": "RGB(0,0,0)",
						"textcolor": "RGB(0,0,0)"
					}
				}
			]
		}
	]
}
