{
	"ident": 1009,
	"order": 4,
	"objtype": "kComponent",
	"componentlib": "jschrt2",
	"componentctrl": "PieChart Control",
	"properties": {
		"alpha": 255,
		"backalpha": 255,
		"backcolor": "RGB(255,255,255)",
		"contextmenu": "",
		"cssclassname": "",
		"dataname": "ilGraphData",
		"desgroup": 0,
		"designactive": true,
		"deslock": false,
		"disabledefaultcontextmenu": false,
		"disablesystemfocus": false,
		"dropmode": "kAcceptNone",
		"enabled": true,
		"events": "",
		"fieldstyle": "",
		"flyout": true,
		"legendcolumns": 1,
		"legendnames": true,
		"legendpos": "kJSPieLegendRight",
		"maintitle": "",
		"objlink": 131074,
		"preventlayoutanimation": true,
		"textcolor": "kColorDefault",
		"tooltip": "",
		"userinfo": "",
		"visible": true
	},
	"layout": {
		"320": {
			"left": 3,
			"top": 35,
			"width": 313,
			"height": 225,
			"dragborder": false,
			"edgefloat": "kEFrightBottom",
			"errortextpos": "kJSErrorTextPosUnder",
			"visible": true
		},
		"768": {
			"left": 3,
			"top": 35,
			"width": 761,
			"height": 225,
			"dragborder": false,
			"edgefloat": "kEFrightBottom",
			"errortextpos": "kJSErrorTextPosUnder",
			"visible": true
		}
	}
}
