{
	"classtype": "kObjectclass",
	"internalversion": 5,
	"superclass": ".JavaObjs Library.JavaObjs\\ClassPath\\zipdemo\\zipdemo",
	"designtaskname": "Startup_Task",
	"cvardefs": [

	],
	"ivardefs": [

	],
	"properties": {
		"collectperformancedata": false,
		"componenticon": 0,
		"componenttype": "kCompStoreHidden",
		"createdate": "2018-05-15 14:07:02",
		"desc": "",
		"editor": "",
		"editordata": "",
		"external": true,
		"issupercomponent": false,
		"moddate": "2018-05-18 21:24:50",
		"selfcontained": false,
		"showascheckedout": false,
		"userinfo": "",
		"version": ""
	}
}
