{
	"ident": 1015,
	"order": 11,
	"objtype": "kComponent",
	"componentlib": "jsTabs",
	"componentctrl": "Tab Control",
	"properties": {
		"alpha": 255,
		"backalpha": 255,
		"backcolor": "RGB(255,255,255)",
		"baseedgealpha": 255,
		"baseedgecolor": "kColorDefault",
		"baseedgewidth": 1,
		"canclickselectedtab": false,
		"contextmenu": "",
		"cssclassname": "",
		"currenttab": 1,
		"currenttabbackalpha": 255,
		"currenttabbackcolor": "kColorDefault",
		"currenttabbackiconid": 0,
		"currenttabextra": 5,
		"currenttabtextcolor": "kColorDefault",
		"desgroup": 0,
		"designactive": true,
		"deslock": false,
		"disabledefaultcontextmenu": false,
		"disabledtabtextcolor": "kColorDefault",
		"disablesystemfocus": false,
		"dropmode": "kAcceptNone",
		"enabled": true,
		"events": "evTabSelected",
		"extratabspacing": 5,
		"fieldstyle": "CtrlTabPane",
		"fixedtabsize": false,
		"font": 1,
		"fontsize": 10,
		"fontstyle": "kPlain",
		"hotcurrent": true,
		"hottabbackalpha": 255,
		"hottabbackcolor": "kColorDefault",
		"hottabbackiconid": 0,
		"hottabtextcolor": "kColorDefault",
		"linkedobject": "",
		"maxfixedtabsize": 200,
		"objlink": 0,
		"preventlayoutanimation": true,
		"side": "kJSTabsSideBottom",
		"tabbackalpha": 255,
		"tabbackcolor": "kColorDefault",
		"tabbackiconid": 0,
		"tabbackstyle": "kJSTabsBackStyleDefault",
		"tabborderalpha": 255,
		"tabbordercolor": "kColorDefault",
		"tabborderradius": 5,
		"tabborderwidth": 1,
		"tabiconsize": 32,
		"tablayout": "kJSTabsLayoutTextOnly",
		"tabmenubackcolor": "kColorDefault",
		"tabmenubackiconid": 0,
		"tabmenudisabledtextcolor": "kColorDefault",
		"tabmenuhotbackcolor": "kColorDefault",
		"tabmenuhotbackiconid": 0,
		"tabmenuhottextcolor": "kColorDefault",
		"tabmenutextcolor": "kColorDefault",
		"tabsjst": "kJSTabsJstLeftOrTop",
		"tabspacing": 2,
		"textcolor": "kColorDefault",
		"tooltip": "",
		"trackmenus": false,
		"userinfo": "",
		"visible": true
	},
	"multivalueproperties": {
		"selected": 1,
		"properties": [
			{
				"::tabiconid": 0,
				"::tabtooltip": "",
				"tabenabled": true,
				"tabmenu": "",
				"tabtext": "Details",
				"tabvisible": true
			},
			{
				"::tabiconid": 0,
				"::tabtooltip": "",
				"tabenabled": true,
				"tabmenu": "",
				"tabtext": "Films",
				"tabvisible": true
			},
			{
				"::tabiconid": 0,
				"::tabtooltip": "",
				"tabenabled": true,
				"tabmenu": "",
				"tabtext": "Sales Statistics",
				"tabvisible": true
			},
			{
				"::tabiconid": 0,
				"::tabtooltip": "",
				"tabenabled": true,
				"tabmenu": "",
				"tabtext": "Video",
				"tabvisible": true
			},
			{
				"::tabiconid": 0,
				"::tabtooltip": "",
				"tabenabled": true,
				"tabmenu": "",
				"tabtext": "Map",
				"tabvisible": true
			}
		]
	},
	"layout": {
		"320": {
			"left": 4,
			"top": 537,
			"width": 312,
			"height": 32,
			"align": "kCenterJst",
			"dragborder": false,
			"edgefloat": "kEFrightTopBottom",
			"errortextpos": "kJSErrorTextPosUnder",
			"visible": true
		},
		"768": {
			"left": 9000,
			"top": 416,
			"width": 200,
			"height": 30,
			"align": "kCenterJst",
			"dragborder": false,
			"edgefloat": "kEFnone",
			"errortextpos": "kJSErrorTextPosUnder",
			"visible": true
		}
	}
}
