{
	"ident": 1040,
	"order": 10,
	"objtype": "kEntry",
	"properties": {
		"active": false,
		"align": "kCenterJst",
		"allowcopy": false,
		"alpha": 255,
		"autofind": false,
		"autotablen": 0,
		"backcolor": "kColorWindowText",
		"backgroundtheme": "kBGThemeParent",
		"backpattern": 15,
		"bordercolor": "RGB(0,0,0)",
		"calculated": false,
		"candropcursor": 0,
		"contenttip": "",
		"contextmenu": "",
		"cursor": 0,
		"dataname": "iServerStatusMessage",
		"desgroup": 0,
		"designactive": true,
		"deslock": false,
		"disabledefaultcontextmenu": false,
		"disablediacriticalpopup": false,
		"disablefocus": false,
		"disablesystemfocus": false,
		"dragborder": false,
		"dragiconid": 0,
		"dragmode": "kNoDragging",
		"dragrange": "kRangeAll",
		"dropmode": "kAcceptNone",
		"edgefloat": "kEFnone",
		"effect": "kBorderNone",
		"enabled": false,
		"fieldstyle": "",
		"font": 3,
		"fontsize": 12,
		"fontstyle": "kBold",
		"forecolor": "kColor3DFace",
		"height": 19,
		"helpfile": 0,
		"horzscroll": false,
		"keyevents": false,
		"left": 179,
		"linestyle": 1,
		"local": false,
		"mouseevents": false,
		"negallowed": false,
		"nodropcursor": 0,
		"objlink": 196611,
		"passwordchar": "",
		"righttoleft": false,
		"rmouseevents": false,
		"shownulls": false,
		"statusevents": false,
		"stripspaces": true,
		"subwindowstyle": false,
		"text": "",
		"textcolor": "kRed",
		"tooltip": "",
		"top": 276,
		"unqindex": false,
		"uppercase": false,
		"userinfo": "",
		"vertcentertext": false,
		"visible": true,
		"width": 281,
		"zeroempty": false
	}
}
