{
	"ident": 1037,
	"order": 16392,
	"objtype": "kLabel",
	"properties": {
		"align": "kRightJst",
		"backcolor": "kColor3DFace",
		"backpattern": 15,
		"designactive": true,
		"edgefloat": "kEFnone",
		"fieldstyle": "CtrlLabel",
		"font": 5,
		"fontsize": 0,
		"fontstyle": "kPlain",
		"forecolor": "kColorForeFill",
		"height": 19,
		"left": 5,
		"objlink": 1,
		"text": "Total bytes received",
		"textcolor": "kColorWindowText",
		"top": 192,
		"userinfo": "",
		"vertcentertext": true,
		"visible": true,
		"width": 145
	}
}
