[
	{
		"name": "actor_id",
		"ident": 45390,
		"order": 1,
		"type": "kInteger",
		"subtype": "k32bitint",
		"sublen": 0,
		"properties": {
			"desc": "",
			"nonull": true,
			"primarykey": true,
			"userinfo": ""
		}
	},
	{
		"name": "film_id",
		"ident": 45391,
		"order": 2,
		"type": "kInteger",
		"subtype": "k32bitint",
		"sublen": 0,
		"properties": {
			"desc": "",
			"nonull": true,
			"primarykey": true,
			"userinfo": ""
		}
	},
	{
		"name": "last_update",
		"ident": 45392,
		"order": 3,
		"type": "kDate",
		"subtype": "kDatetime",
		"sublen": 0,
		"properties": {
			"desc": "",
			"nonull": true,
			"primarykey": false,
			"userinfo": ""
		}
	}
]
