{
	"ident": 1055,
	"order": 17,
	"objtype": "kEntry",
	"properties": {
		"active": true,
		"align": "kRightJst",
		"allowcopy": false,
		"alpha": 255,
		"autofind": false,
		"autotablen": 0,
		"backcolor": "kColorWindowText",
		"backgroundtheme": "kBGThemeNone",
		"backpattern": 0,
		"bordercolor": "RGB(0,0,0)",
		"calculated": false,
		"candropcursor": 0,
		"contenttip": "",
		"contextmenu": "",
		"cursor": 0,
		"dataname": "iCompletedConnections",
		"desgroup": 0,
		"designactive": true,
		"deslock": false,
		"disabledefaultcontextmenu": false,
		"disablediacriticalpopup": false,
		"disablefocus": false,
		"disablesystemfocus": false,
		"dragborder": false,
		"dragiconid": 0,
		"dragmode": "kNoDragging",
		"dragrange": "kRangeAll",
		"dropmode": "kAcceptNone",
		"edgefloat": "kEFnone",
		"effect": "kBorderInset",
		"enabled": false,
		"fieldstyle": "CtrlEditText",
		"font": 3,
		"fontsize": 8,
		"fontstyle": "kPlain",
		"forecolor": "kColorWindow",
		"height": 19,
		"helpfile": 0,
		"horzscroll": false,
		"keyevents": false,
		"left": 230,
		"linestyle": 1,
		"local": false,
		"mouseevents": false,
		"negallowed": false,
		"nodropcursor": 0,
		"objlink": 15,
		"passwordchar": "",
		"righttoleft": false,
		"rmouseevents": false,
		"shownulls": false,
		"statusevents": false,
		"stripspaces": true,
		"subwindowstyle": false,
		"text": "",
		"textcolor": "kColorWindowText",
		"tooltip": "",
		"top": 40,
		"unqindex": false,
		"uppercase": false,
		"userinfo": "",
		"vertcentertext": false,
		"visible": true,
		"width": 55,
		"zeroempty": false
	}
}
