[
	{
		"name": "actor_id",
		"ident": 32001,
		"order": 1,
		"type": "kInteger",
		"subtype": "k32bitint",
		"sublen": 0,
		"properties": {
			"desc": "",
			"nonull": true,
			"primarykey": true,
			"userinfo": ""
		}
	},
	{
		"name": "first_name",
		"ident": 32002,
		"order": 2,
		"type": "kCharacter",
		"subtype": "kSimplechar",
		"sublen": 45,
		"properties": {
			"desc": "",
			"nonull": true,
			"primarykey": false,
			"userinfo": ""
		}
	},
	{
		"name": "last_name",
		"ident": 32003,
		"order": 3,
		"type": "kCharacter",
		"subtype": "kSimplechar",
		"sublen": 45,
		"properties": {
			"desc": "",
			"nonull": true,
			"primarykey": false,
			"userinfo": ""
		}
	},
	{
		"name": "last_update",
		"ident": 32004,
		"order": 4,
		"type": "kCharacter",
		"subtype": "kSimplechar",
		"sublen": 30,
		"properties": {
			"desc": "",
			"nonull": true,
			"primarykey": false,
			"userinfo": ""
		}
	}
]
