{
	"classtype": "kRemoteForm",
	"internalversion": 22,
	"designtaskname": "",
	"nextident": 1006,
	"lastgroupident": 0,
	"cvardefs": [
		{
			"name": "cbClassInited",
			"order": 1,
			"type": "kBoolean",
			"subtype": 0,
			"sublen": 0,
			"desc": "Calculated"
		},
		{
			"name": "clLocationData",
			"order": 2,
			"type": "kList",
			"subtype": "",
			"sublen": 0
		}
	],
	"ivardefs": [
		{
			"name": "ichClientMode",
			"order": 7,
			"type": "kCharacter",
			"subtype": "kSimplechar",
			"sublen": 20
		},
		{
			"name": "ichLatLong",
			"order": 6,
			"type": "kCharacter",
			"subtype": "kSimplechar",
			"sublen": 255
		},
		{
			"name": "ichLocation",
			"order": 4,
			"type": "kCharacter",
			"subtype": "kSimplechar",
			"sublen": 255
		},
		{
			"name": "ichResultRole",
			"order": 10,
			"type": "kCharacter",
			"subtype": "kSimplechar",
			"sublen": 100
		},
		{
			"name": "ichScreenSize",
			"order": 5,
			"type": "kCharacter",
			"subtype": "kSimplechar",
			"sublen": 20
		},
		{
			"name": "ilLocationData",
			"order": 1,
			"type": "kList",
			"subtype": "",
			"sublen": 0
		},
		{
			"name": "inCounter",
			"order": 9,
			"type": "kInteger",
			"subtype": "kShortint",
			"sublen": 0,
			"initval": "1"
		},
		{
			"name": "inCurrentActorID",
			"order": 11,
			"type": "kInteger",
			"subtype": "k32bitint",
			"sublen": 0
		},
		{
			"name": "inLocationZoom",
			"order": 8,
			"type": "kInteger",
			"subtype": "kShortint",
			"sublen": 0
		},
		{
			"name": "irefContainer",
			"order": 2,
			"type": "kItemref",
			"subtype": "",
			"sublen": 0
		},
		{
			"name": "irefMessageForm",
			"order": 3,
			"type": "kItemref",
			"subtype": "",
			"sublen": 0
		}
	],
	"properties": {
		"aligntogrid": false,
		"alpha": 255,
		"alwaysenabledobject": "",
		"animatelayouttransitions": false,
		"backalpha": 255,
		"backcolor": "RGB(255,255,255)",
		"backpattern": 0,
		"cancelkeyobject": "",
		"collectperformancedata": false,
		"componenticon": 0,
		"componenttype": "kCompStoreHidden",
		"contextmenu": "",
		"createdate": "2018-05-13 10:23:25",
		"currentlayoutbreakpoint": 320,
		"defaultappearance": "kAppearanceiOS",
		"desc": "",
		"designshowmobiletitle": true,
		"disabledefaultcontextmenu": false,
		"editor": "",
		"editordata": "",
		"events": "",
		"external": true,
		"forecolor": "RGB(255,255,255)",
		"horzgrid": 8,
		"horzscroll": false,
		"inheritedorder": 1,
		"issupercomponent": false,
		"layoutbreakpoints": "320,768",
		"layouttype": "kLayoutTypeResponsive",
		"left": 1673,
		"moddate": "2018-05-20 14:32:44",
		"okkeyobject": "",
		"serverlessclient": false,
		"showascheckedout": false,
		"showgrid": false,
		"sizetogrid": false,
		"startfield": 0,
		"title": "",
		"top": 544,
		"userinfo": "",
		"version": "0.1",
		"vertgrid": 8,
		"vertscroll": false
	},
	"layout": {
		"width": 490,
		"height": 369,
		"320": {
			"height": 0
		},
		"768": {
			"height": 0
		}
	}
}
