[
	{
		"name": "$construct",
		"ident": 0,
		"order": 1,
		"clientexec": false,
		"pvardefs": [

		],
		"lvardefs": [

		]
	},
	{
		"name": "$destruct",
		"ident": 1,
		"order": 2,
		"clientexec": false,
		"pvardefs": [

		],
		"lvardefs": [

		]
	},
	{
		"name": "$InitClass_",
		"ident": 2,
		"order": 3,
		"clientexec": false,
		"pvardefs": [

		],
		"lvardefs": [

		]
	},
	{
		"name": "$InitInstance_",
		"ident": 3,
		"order": 4,
		"clientexec": false,
		"pvardefs": [

		],
		"lvardefs": [

		]
	},
	{
		"name": "$init",
		"ident": 4,
		"order": 5,
		"clientexec": true,
		"pvardefs": [

		],
		"lvardefs": [

		]
	},
	{
		"name": "$term",
		"ident": 12,
		"order": 6,
		"clientexec": true,
		"pvardefs": [

		],
		"lvardefs": [

		]
	},
	{
		"name": "$OpenSubForm",
		"ident": 9,
		"order": 7,
		"clientexec": true,
		"pvardefs": [
			{
				"name": "prefSubFormName",
				"order": 1,
				"type": "kItemref",
				"subtype": "",
				"sublen": 0,
				"param": 1
			},
			{
				"name": "pchClassName",
				"order": 2,
				"type": "kCharacter",
				"subtype": "kSimplechar",
				"sublen": 100,
				"param": 2
			}
		],
		"lvardefs": [
			{
				"name": "lrefSubForms",
				"order": 3,
				"type": "kItemref",
				"subtype": "",
				"sublen": 0
			}
		]
	},
	{
		"name": "$completed",
		"ident": 5,
		"order": 8,
		"clientexec": false,
		"pvardefs": [
			{
				"name": "pRow",
				"order": 3,
				"type": "kList",
				"subtype": "",
				"sublen": 0,
				"param": 1
			}
		],
		"lvardefs": [
			{
				"name": "llErrorsList",
				"order": 1,
				"type": "kList",
				"subtype": "",
				"sublen": 0
			}
		]
	},
	{
		"name": "$cancelled",
		"ident": 6,
		"order": 9,
		"clientexec": false,
		"pvardefs": [

		],
		"lvardefs": [

		]
	},
	{
		"name": "$pushed",
		"ident": 10,
		"order": 11,
		"clientexec": true,
		"pvardefs": [
			{
				"name": "pResultRow",
				"order": 2,
				"type": "kRow",
				"subtype": "",
				"sublen": 0,
				"param": 1
			}
		],
		"lvardefs": [
			{
				"name": "lchResultRole",
				"order": 1,
				"type": "kCharacter",
				"subtype": "kSimplechar",
				"sublen": 100000000
			}
		]
	},
	{
		"name": "$ClearForm",
		"ident": 13,
		"order": 12,
		"clientexec": true,
		"pvardefs": [

		],
		"lvardefs": [

		]
	},
	{
		"name": "$load",
		"ident": 7,
		"order": 13,
		"clientexec": false,
		"pvardefs": [

		],
		"lvardefs": [

		]
	},
	{
		"name": "$GetScreenSize",
		"ident": 15,
		"order": 14,
		"clientexec": true,
		"pvardefs": [

		],
		"lvardefs": [

		]
	},
	{
		"name": "$GetClientMode",
		"ident": 16,
		"order": 15,
		"clientexec": true,
		"pvardefs": [

		],
		"lvardefs": [

		]
	},
	{
		"name": "$UpdateMainID",
		"ident": 17,
		"order": 16,
		"clientexec": true,
		"pvardefs": [
			{
				"name": "pnActorID",
				"order": 1,
				"type": "kInteger",
				"subtype": "k32bitint",
				"sublen": 0,
				"param": 1
			}
		],
		"lvardefs": [

		]
	},
	{
		"name": "$UpdateSubForms",
		"ident": 19,
		"order": 17,
		"clientexec": false,
		"pvardefs": [

		],
		"lvardefs": [

		]
	},
	{
		"name": "-- Custom methods",
		"ident": 8,
		"order": 18,
		"clientexec": false,
		"pvardefs": [

		],
		"lvardefs": [

		],
		"empty": true
	},
	{
		"name": "$UpdateMap",
		"ident": 14,
		"order": 19,
		"clientexec": false,
		"pvardefs": [

		],
		"lvardefs": [
			{
				"name": "lchLatLong",
				"order": 1,
				"type": "kCharacter",
				"subtype": "kSimplechar",
				"sublen": 255
			}
		]
	}
]
