{
	"classtype": "kRemoteTask",
	"internalversion": 15,
	"nextident": 1,
	"tvardefs": [

	],
	"cvardefs": [

	],
	"ivardefs": [
		{
			"name": "irwFormParamsRow",
			"order": 1,
			"type": "kRow",
			"subtype": "",
			"sublen": 0
		}
	],
	"properties": {
		"basehttpresponseheaders": "",
		"collectperformancedata": false,
		"componenticon": 0,
		"componenttype": "kCompStoreHidden",
		"createdate": "2017-08-29 15:01:47",
		"desc": "",
		"editor": "",
		"editordata": "",
		"external": true,
		"issupercomponent": false,
		"localtestdata": "",
		"localtime": false,
		"maxtime": 0,
		"maxusers": 0,
		"moddate": "2018-05-18 20:14:10",
		"restful": false,
		"restfulapiname": "",
		"showascheckedout": true,
		"stringtable": "",
		"timeout": 0,
		"userinfo": "",
		"version": "0.1",
		"webservice": ""
	}
}
