{
	"ident": 1005,
	"order": 2,
	"objtype": "kComponent",
	"componentlib": "jsmap",
	"componentctrl": "Map Control",
	"properties": {
		"::zoom": 8,
		"alpha": 255,
		"apikey": "AIzaSyCdC9IxG5wW25KM6msDs6Za3BXrvTk5DKA",
		"backalpha": 255,
		"backcolor": "RGB(255,255,255)",
		"contextmenu": "",
		"cssclassname": "",
		"dataname": "",
		"desgroup": 0,
		"designactive": true,
		"deslock": false,
		"disabledefaultcontextmenu": false,
		"disablesystemfocus": false,
		"dropmode": "kAcceptNone",
		"enabled": true,
		"events": "",
		"fieldstyle": "",
		"fitmaptomarkers": 0,
		"latlong": "40.749305:-73.985775",
		"mapmarkers": "",
		"mappolys": "",
		"maptype": "kJSMapTypeRoad",
		"maptypecontrol": true,
		"objlink": 0,
		"pancontrol": true,
		"preventlayoutanimation": true,
		"scalecontrol": true,
		"streetviewcontrol": true,
		"tooltip": "",
		"userinfo": "",
		"visible": true,
		"zoomcontrol": "kJSMapZoomDefault"
	},
	"layout": {
		"320": {
			"left": 8,
			"top": 0,
			"width": 319,
			"height": 329,
			"dragborder": false,
			"edgefloat": "kEFposnClient",
			"errortextpos": "kJSErrorTextPosUnder",
			"visible": true
		},
		"768": {
			"left": 232,
			"top": -13,
			"width": 319,
			"height": 356,
			"dragborder": false,
			"edgefloat": "kEFposnClient",
			"errortextpos": "kJSErrorTextPosUnder",
			"visible": true
		}
	}
}
