[
	{
		"name": "session",
		"ident": 32001,
		"order": 1,
		"type": "kObject",
		"subtype": "",
		"sublen": 0,
		"properties": {
			"desc": "",
			"nonull": false,
			"primarykey": false,
			"userinfo": ""
		}
	},
	{
		"name": "poolname",
		"ident": 32002,
		"order": 2,
		"type": "kCharacter",
		"subtype": "kSimplechar",
		"sublen": 100,
		"properties": {
			"desc": "",
			"nonull": false,
			"primarykey": false,
			"userinfo": ""
		}
	},
	{
		"name": "hostname",
		"ident": 32003,
		"order": 3,
		"type": "kCharacter",
		"subtype": "kSimplechar",
		"sublen": 4000,
		"properties": {
			"desc": "",
			"nonull": false,
			"primarykey": false,
			"userinfo": ""
		}
	},
	{
		"name": "database",
		"ident": 32004,
		"order": 4,
		"type": "kCharacter",
		"subtype": "kSimplechar",
		"sublen": 100,
		"properties": {
			"desc": "",
			"nonull": false,
			"primarykey": false,
			"userinfo": ""
		}
	},
	{
		"name": "username",
		"ident": 32005,
		"order": 5,
		"type": "kCharacter",
		"subtype": "kSimplechar",
		"sublen": 100,
		"properties": {
			"desc": "",
			"nonull": false,
			"primarykey": false,
			"userinfo": ""
		}
	},
	{
		"name": "password",
		"ident": 32006,
		"order": 6,
		"type": "kCharacter",
		"subtype": "kSimplechar",
		"sublen": 100,
		"properties": {
			"desc": "",
			"nonull": false,
			"primarykey": false,
			"userinfo": ""
		}
	},
	{
		"name": "query",
		"ident": 32007,
		"order": 7,
		"type": "kCharacter",
		"subtype": "kSimplechar",
		"sublen": 10000,
		"properties": {
			"desc": "",
			"nonull": false,
			"primarykey": false,
			"userinfo": ""
		}
	},
	{
		"name": "bindvars",
		"ident": 32008,
		"order": 8,
		"type": "kList",
		"subtype": "",
		"sublen": 0,
		"properties": {
			"desc": "",
			"nonull": false,
			"primarykey": false,
			"userinfo": ""
		}
	}
]
