{
	"ident": 1004,
	"order": 1,
	"objtype": "kComponent",
	"componentlib": "jsDgrd",
	"componentctrl": "Data grid Control",
	"properties": {
		"::boldheader": false,
		"::candragdisplayorder": false,
		"::columnwidths": "65,35",
		"::headerheight": 0,
		"::rowheight": 0,
		"alpha": 255,
		"autocapitalize": "kJSAutoCapitalizeSentences",
		"autocorrect": true,
		"autoedit": false,
		"backalpha": 255,
		"backcolor": "RGB(255,255,255)",
		"bordercolor": "kColorDefault",
		"canresizecolumns": true,
		"cansortcolumns": true,
		"columnnames": "Category,Total sales",
		"columnwidthsarepercentage": true,
		"contextmenu": "",
		"cssclassname": "",
		"dataname": "ilSalesAnalysisList",
		"dateformat": "kJSFormatNone",
		"dateformatcustom": "",
		"desgroup": 0,
		"designactive": true,
		"designcols": 2,
		"deslock": false,
		"disabledefaultcontextmenu": false,
		"disablesystemfocus": false,
		"dragmode": "kNoDragging",
		"dropmode": "kAcceptNone",
		"effect": "kJSborderPlain",
		"enabled": true,
		"enterable": false,
		"evenrowcolor": "kColorDefault",
		"events": "evClick",
		"extendable": false,
		"fieldstyle": "CtrlDataGrid",
		"filterareaheight": 0,
		"filtercol": 0,
		"filterlabel": "",
		"filtervalue": "",
		"font": 1,
		"fontsize": 10,
		"fontstyle": "kPlain",
		"gridlinescolor": "kColorDefault",
		"gridlinesdotted": false,
		"gridlinesvisible": true,
		"hasfilterarea": false,
		"hasheader": true,
		"hcell": 0,
		"headertext": "Sales analysis - categories",
		"hidecolumnheader": false,
		"hideselection": false,
		"hiliteline": false,
		"linestyle": 1,
		"multipleselect": false,
		"numberformat": "",
		"objlink": 65538,
		"pagesize": 0,
		"preventlayoutanimation": false,
		"selectedlinecolor": "kColorDefault",
		"selectedlinetextcolor": "kColorDefault",
		"setlineheight": false,
		"sortascending": true,
		"sortcol": 0,
		"textcolor": "kColorDefault",
		"tooltip": "",
		"userdefined": false,
		"userinfo": "",
		"vcell": 0,
		"visible": true
	},
	"multivalueproperties": {
		"selected": 1,
		"properties": [
			{
				"columnallownulldateinput": false,
				"columnbackalpha": 255,
				"columnbackcolor": "kColorDefault",
				"columncanresize": true,
				"columncansort": true,
				"columndatacol": "",
				"columndateformat": "kJSFormatNone",
				"columndateformatcustom": "",
				"columnenabled": true,
				"columnfontstyle": "kPlain",
				"columnjst": "kLeftJst",
				"columnminwidth": 0,
				"columnmode": "kJSDataGridModeAuto",
				"columnname": "Category",
				"columnnumberformat": "",
				"columnpicklist": "",
				"columnpopuptext": false,
				"columnstyledtext": false,
				"columntextcolor": "kColorDefault",
				"columnwidth": 65
			},
			{
				"columnallownulldateinput": false,
				"columnbackalpha": 255,
				"columnbackcolor": "kColorDefault",
				"columncanresize": true,
				"columncansort": true,
				"columndatacol": "",
				"columndateformat": "kJSFormatNone",
				"columndateformatcustom": "",
				"columnenabled": true,
				"columnfontstyle": "kPlain",
				"columnjst": "kLeftJst",
				"columnminwidth": 0,
				"columnmode": "kJSDataGridModeAuto",
				"columnname": "Total sales",
				"columnnumberformat": "",
				"columnpicklist": "",
				"columnpopuptext": false,
				"columnstyledtext": false,
				"columntextcolor": "kColorDefault",
				"columnwidth": 35
			}
		]
	},
	"layout": {
		"320": {
			"left": 1,
			"top": 32,
			"width": 317,
			"height": 377,
			"dragborder": false,
			"edgefloat": "kEFrightBottom",
			"errortextpos": "kJSErrorTextPosUnder",
			"visible": true
		},
		"768": {
			"left": 1,
			"top": 32,
			"width": 765,
			"height": 377,
			"dragborder": false,
			"edgefloat": "kEFrightBottom",
			"errortextpos": "kJSErrorTextPosUnder",
			"visible": true
		}
	}
}
