{
	"ident": 1005,
	"order": 2,
	"objtype": "kComponent",
	"componentlib": "jsVideo",
	"componentctrl": "Video Control",
	"properties": {
		"alpha": 255,
		"backalpha": 255,
		"backcolor": "RGB(255,255,255)",
		"bordercolor": "kColorDefault",
		"contextmenu": "",
		"cssclassname": "",
		"dataname": "irwVideoURLData",
		"desgroup": 0,
		"designactive": true,
		"deslock": false,
		"disabledefaultcontextmenu": false,
		"disablesystemfocus": false,
		"dropmode": "kAcceptNone",
		"effect": "kJSborderDefault",
		"enabled": true,
		"events": "",
		"fieldstyle": "",
		"flowplayerline": 0,
		"flowplayerurl": "http://releases.flowplayer.org/swf/flowplayer-3.2.1.swf",
		"linestyle": 1,
		"objlink": 65537,
		"preventlayoutanimation": true,
		"showcontrols": true,
		"tooltip": "",
		"userinfo": "",
		"visible": true,
		"youtube": true
	},
	"layout": {
		"320": {
			"left": 0,
			"top": 0,
			"width": 319,
			"height": 323,
			"dragborder": false,
			"edgefloat": "kEFposnClient",
			"errortextpos": "kJSErrorTextPosUnder",
			"visible": true
		},
		"768": {
			"left": 0,
			"top": 0,
			"width": 767,
			"height": 323,
			"dragborder": false,
			"edgefloat": "kEFposnClient",
			"errortextpos": "kJSErrorTextPosUnder",
			"visible": true
		},
		"1024": {
			"left": 42,
			"top": 78,
			"width": 150,
			"height": 150,
			"dragborder": false,
			"edgefloat": "kEFnone",
			"errortextpos": "kJSErrorTextPosUnder",
			"visible": true
		}
	}
}
