[
	{
		"name": "$ -- Standard",
		"ident": 6,
		"order": 1,
		"pvardefs": [

		],
		"lvardefs": [

		],
		"empty": true
	},
	{
		"name": "$construct",
		"ident": 1,
		"order": 2,
		"pvardefs": [

		],
		"lvardefs": [

		]
	},
	{
		"name": "$destruct",
		"ident": 19,
		"order": 3,
		"pvardefs": [

		],
		"lvardefs": [

		]
	},
	{
		"name": "$InitClass_",
		"ident": 0,
		"order": 4,
		"pvardefs": [

		],
		"lvardefs": [

		]
	},
	{
		"name": "$InitInstance_",
		"ident": 2,
		"order": 5,
		"pvardefs": [

		],
		"lvardefs": [

		]
	},
	{
		"name": "$init",
		"ident": 3,
		"order": 6,
		"pvardefs": [

		],
		"lvardefs": [

		]
	},
	{
		"name": "$SQLWorker",
		"ident": 18,
		"order": 7,
		"pvardefs": [
			{
				"name": "prwParams",
				"order": 4,
				"type": "kRow",
				"subtype": "",
				"sublen": 0,
				"param": 1
			},
			{
				"name": "prefCallingInst",
				"order": 3,
				"type": "kItemref",
				"subtype": "",
				"sublen": 0,
				"param": 2
			}
		],
		"lvardefs": [
			{
				"name": "lbStatus",
				"order": 1,
				"type": "kBoolean",
				"subtype": 0,
				"sublen": 0
			},
			{
				"name": "lchPoolName",
				"order": 5,
				"type": "kCharacter",
				"subtype": "kSimplechar",
				"sublen": 100
			},
			{
				"name": "lrefDBStdOps",
				"order": 2,
				"type": "kObjectref",
				"subtype": "",
				"sublen": 0
			}
		]
	},
	{
		"name": "$SQLWorkerErrorMngr",
		"ident": 21,
		"order": 8,
		"pvardefs": [

		],
		"lvardefs": [

		]
	},
	{
		"name": "$completed",
		"ident": 16,
		"order": 9,
		"pvardefs": [
			{
				"name": "pRow",
				"order": 4,
				"type": "kList",
				"subtype": "",
				"sublen": 0,
				"param": 1
			}
		],
		"lvardefs": [
			{
				"name": "lrwResult",
				"order": 1,
				"type": "kList",
				"subtype": "",
				"sublen": 0
			}
		]
	},
	{
		"name": "$cancelled",
		"ident": 17,
		"order": 10,
		"pvardefs": [

		],
		"lvardefs": [

		]
	},
	{
		"name": "$ -- Custom Data Access",
		"ident": 22,
		"order": 11,
		"pvardefs": [

		],
		"lvardefs": [

		],
		"empty": true
	},
	{
		"name": "$ActorSalesByFilmCategory",
		"ident": 4,
		"order": 12,
		"pvardefs": [
			{
				"name": "pnID",
				"order": 5,
				"type": "kInteger",
				"subtype": "k64bitint",
				"sublen": 0,
				"param": 1
			},
			{
				"name": "prefCallingForm",
				"order": 2,
				"type": "kItemref",
				"subtype": "",
				"sublen": 0,
				"param": 2
			},
			{
				"name": "pchResultRole",
				"order": 3,
				"type": "kCharacter",
				"subtype": "kSimplechar",
				"sublen": 100,
				"param": 3
			}
		],
		"lvardefs": [
			{
				"name": "lchSQL",
				"order": 6,
				"type": "kCharacter",
				"subtype": "kSimplechar",
				"sublen": 100000000
			},
			{
				"name": "llBindVars",
				"order": 4,
				"type": "kList",
				"subtype": "",
				"sublen": 0
			},
			{
				"name": "lrwParams",
				"order": 1,
				"type": "kRow",
				"subtype": "",
				"sublen": 0
			}
		]
	},
	{
		"name": "$ActorSalesByFilmCategoryRST",
		"ident": 8,
		"order": 15,
		"pvardefs": [
			{
				"name": "pnID",
				"order": 5,
				"type": "kInteger",
				"subtype": "k64bitint",
				"sublen": 0,
				"param": 1
			},
			{
				"name": "prefResultList",
				"order": 2,
				"type": "kFieldreference",
				"subtype": 0,
				"sublen": 0,
				"param": 2
			}
		],
		"lvardefs": [
			{
				"name": "lchSQL",
				"order": 6,
				"type": "kCharacter",
				"subtype": "kSimplechar",
				"sublen": 10000
			},
			{
				"name": "lrefdoDBStandardOps",
				"order": 7,
				"type": "kObjectref",
				"subtype": "",
				"sublen": 0
			}
		]
	}
]
