{
	"classtype": "kObjectclass",
	"internalversion": 5,
	"superclass": ".SQLITEDAM.SQLITESESS",
	"designtaskname": "Startup_Task",
	"cvardefs": [

	],
	"ivardefs": [

	],
	"properties": {
		"collectperformancedata": false,
		"componenticon": 0,
		"componenttype": "kCompStoreHidden",
		"createdate": "2017-08-29 15:01:46",
		"desc": "",
		"editor": "",
		"editordata": "",
		"external": true,
		"issupercomponent": false,
		"moddate": "2018-05-18 21:24:50",
		"selfcontained": false,
		"showascheckedout": true,
		"userinfo": "",
		"version": "0.1"
	}
}
