{
	"classtype": "kSystemtable",
	"internalversion": 3,
	"properties": {
		"componenttype": "kCompStoreHidden",
		"createdate": "2017-08-29 15:01:09",
		"desc": "",
		"external": false,
		"moddate": "2017-11-06 16:34:54",
		"showascheckedout": true,
		"userinfo": "",
		"version": "0.1"
	},
	"formats": [
		">>(###) ###-####",
		">>(###) ###-#### Ext(#####)",
		">>(####) ######",
		">>(####) ###### Ext.###",
		">>#### #### #### ####",
		">>###-###-###",
		">>aa ## ## ## a",
		">>##-aaa-##",
		">>##-aaa-####",
		">>##/##/##~D/M/Y~",
		">>##/##/####~D/M/y~",
		">>##/##/##~M/D/Y~",
		">>##/##/####~M/D/y~"
	]
}
