[
	{
		"name": "$construct",
		"ident": 1,
		"order": 1,
		"pvardefs": [

		],
		"lvardefs": [

		],
		"empty": true
	},
	{
		"name": "$destruct",
		"ident": 2,
		"order": 2,
		"pvardefs": [

		],
		"lvardefs": [

		]
	},
	{
		"name": "$printIt",
		"ident": 0,
		"order": 3,
		"pvardefs": [
			{
				"name": "pClientAddress",
				"order": 1,
				"type": "kCharacter",
				"subtype": "kSimplechar",
				"sublen": 100000000,
				"param": 1
			},
			{
				"name": "pConnectBytes",
				"order": 2,
				"type": "kInteger",
				"subtype": "k32bitint",
				"sublen": 0,
				"param": 2
			},
			{
				"name": "pConnectTime",
				"order": 3,
				"type": "kDate",
				"subtype": "kDatetime",
				"sublen": 7,
				"param": 3
			},
			{
				"name": "pDisconnectTime",
				"order": 4,
				"type": "kDate",
				"subtype": "kDatetime",
				"sublen": 7,
				"param": 4
			},
			{
				"name": "pLastBytesRecd",
				"order": 5,
				"type": "kInteger",
				"subtype": "k32bitint",
				"sublen": 0,
				"param": 5
			},
			{
				"name": "pLastBytesSent",
				"order": 6,
				"type": "kInteger",
				"subtype": "k32bitint",
				"sublen": 0,
				"param": 6
			},
			{
				"name": "pLastResponseTime",
				"order": 7,
				"type": "kDate",
				"subtype": "kDatetime",
				"sublen": 7,
				"param": 7
			},
			{
				"name": "pMaxBytesRecd",
				"order": 8,
				"type": "kInteger",
				"subtype": "k32bitint",
				"sublen": 0,
				"param": 8
			},
			{
				"name": "pMaxBytesSent",
				"order": 9,
				"type": "kInteger",
				"subtype": "k32bitint",
				"sublen": 0,
				"param": 9
			},
			{
				"name": "pTaskName",
				"order": 10,
				"type": "kCharacter",
				"subtype": "kSimplechar",
				"sublen": 100000000,
				"param": 10
			},
			{
				"name": "pTotBytesRecd",
				"order": 11,
				"type": "kInteger",
				"subtype": "k32bitint",
				"sublen": 0,
				"param": 11
			},
			{
				"name": "pTotBytesSent",
				"order": 12,
				"type": "kInteger",
				"subtype": "k32bitint",
				"sublen": 0,
				"param": 12
			},
			{
				"name": "pRemoteClassName",
				"order": 13,
				"type": "kCharacter",
				"subtype": "kSimplechar",
				"sublen": 100000000,
				"param": 13
			}
		],
		"lvardefs": [

		]
	}
]
