{
	"ident": 1023,
	"order": 4,
	"objtype": "kIconArray",
	"properties": {
		"active": true,
		"alpha": 255,
		"autoarrange": true,
		"backcolor": "kColorWindow",
		"backgroundtheme": "kBGThemeNone",
		"backpattern": 1,
		"bordercolor": "RGB(0,0,0)",
		"buttonbackground": false,
		"candropcursor": 0,
		"contextmenu": "",
		"cursor": 0,
		"dataname": "iRemoteClassList",
		"desgroup": 0,
		"designactive": true,
		"deslock": true,
		"disablefocus": false,
		"disablehottracking": false,
		"disablesystemfocus": false,
		"dragborder": false,
		"dragiconid": 0,
		"dragmode": "kNoDragging",
		"dragrange": "kRangeAll",
		"dropmode": "kAcceptNone",
		"edgefloat": "kEFbottom",
		"effect": "kBorderInset",
		"enabled": true,
		"enabledeletekey": false,
		"extraspacing": 0,
		"fieldstyle": "CtrlIconArray",
		"font": 4,
		"fontsize": 9,
		"fontstyle": "kPlain",
		"forecolor": "kColorWindowText",
		"height": 271,
		"helpfile": 0,
		"hiliteline": false,
		"horzscroll": false,
		"iconcolumn": 1,
		"keyevents": false,
		"largetextwidth": 0,
		"left": 6,
		"linestyle": 1,
		"maxeditchars": 0,
		"mouseevents": false,
		"multipleselect": false,
		"nodropcursor": 0,
		"objlink": 65539,
		"rmouseevents": false,
		"secondiconcolumn": 0,
		"showtext": true,
		"smallicons": false,
		"smalltextwidth": 20,
		"statusevents": false,
		"subwindowstyle": false,
		"textcolor": "kColorWindowText",
		"textcolumn": 2,
		"tooltip": "",
		"top": 15,
		"userinfo": "",
		"vertscroll": true,
		"visible": true,
		"width": 97
	}
}
