[
	{
		"name": "$construct",
		"ident": 0,
		"order": 1,
		"pvardefs": [

		],
		"lvardefs": [

		]
	},
	{
		"name": "$destruct",
		"ident": 1,
		"order": 2,
		"pvardefs": [

		],
		"lvardefs": [

		]
	},
	{
		"name": "SetSysParams",
		"ident": 3,
		"order": 4,
		"pvardefs": [

		],
		"lvardefs": [

		]
	},
	{
		"name": "DatabaseLogOns",
		"ident": 4,
		"order": 5,
		"pvardefs": [

		],
		"lvardefs": [
			{
				"name": "lchDBFilePath",
				"order": 1,
				"type": "kCharacter",
				"subtype": "kSimplechar",
				"sublen": 1000
			},
			{
				"name": "lchDBType",
				"order": 2,
				"type": "kCharacter",
				"subtype": "kSimplechar",
				"sublen": 50
			},
			{
				"name": "lchLibDir",
				"order": 5,
				"type": "kCharacter",
				"subtype": "kSimplechar",
				"sublen": 1000
			},
			{
				"name": "lchLibDrive",
				"order": 4,
				"type": "kCharacter",
				"subtype": "kSimplechar",
				"sublen": 1000
			},
			{
				"name": "lchLibExt",
				"order": 7,
				"type": "kCharacter",
				"subtype": "kSimplechar",
				"sublen": 10
			},
			{
				"name": "lchLibFilename",
				"order": 6,
				"type": "kCharacter",
				"subtype": "kSimplechar",
				"sublen": 1000
			}
		]
	}
]
