{
	"classtype": "kWindow",
	"internalversion": 51,
	"designtaskname": "Startup_Task",
	"nextident": 1062,
	"lastgroupident": 0,
	"cvardefs": [

	],
	"ivardefs": [
		{
			"name": "iClientAddress",
			"order": 7,
			"type": "kCharacter",
			"subtype": "kSimplechar",
			"sublen": 100000000
		},
		{
			"name": "iCompletedConnections",
			"order": 17,
			"type": "kInteger",
			"subtype": "k32bitint",
			"sublen": 0
		},
		{
			"name": "iConnectBytes",
			"order": 27,
			"type": "kInteger",
			"subtype": "k32bitint",
			"sublen": 0
		},
		{
			"name": "iConnectTime",
			"order": 2,
			"type": "kDate",
			"subtype": "kDatetime",
			"sublen": 7
		},
		{
			"name": "iDisconnectionsTotal",
			"order": 18,
			"type": "kInteger",
			"subtype": "k32bitint",
			"sublen": 0
		},
		{
			"name": "iDisconnectTime",
			"order": 3,
			"type": "kDate",
			"subtype": "kDatetime",
			"sublen": 7
		},
		{
			"name": "iHistoryLine",
			"order": 12,
			"type": "kCharacter",
			"subtype": "kSimplechar",
			"sublen": 100000000
		},
		{
			"name": "iHistoryList",
			"order": 8,
			"type": "kList",
			"subtype": "",
			"sublen": 0
		},
		{
			"name": "iLastBytesRecd",
			"order": 34,
			"type": "kInteger",
			"subtype": "k32bitint",
			"sublen": 0
		},
		{
			"name": "iLastBytesSent",
			"order": 33,
			"type": "kInteger",
			"subtype": "k32bitint",
			"sublen": 0
		},
		{
			"name": "iLastResponseTime",
			"order": 4,
			"type": "kDate",
			"subtype": "kDatetime",
			"sublen": 7
		},
		{
			"name": "iMaxBytesRecd",
			"order": 28,
			"type": "kInteger",
			"subtype": "k32bitint",
			"sublen": 0
		},
		{
			"name": "iMaxBytesSent",
			"order": 29,
			"type": "kInteger",
			"subtype": "k32bitint",
			"sublen": 0
		},
		{
			"name": "iNumRequests",
			"order": 30,
			"type": "kInteger",
			"subtype": "k32bitint",
			"sublen": 0
		},
		{
			"name": "iRecordAll",
			"order": 14,
			"type": "kBoolean",
			"subtype": 0,
			"sublen": 0,
			"initval": "kTrue"
		},
		{
			"name": "iRecordServerStats",
			"order": 25,
			"type": "kBoolean",
			"subtype": 0,
			"sublen": 0,
			"initval": "kTrue"
		},
		{
			"name": "iRefusedConnections",
			"order": 16,
			"type": "kInteger",
			"subtype": "k32bitint",
			"sublen": 0
		},
		{
			"name": "iRemoteClassList",
			"order": 9,
			"type": "kList",
			"subtype": "",
			"sublen": 0
		},
		{
			"name": "iRemoteClassName",
			"order": 10,
			"type": "kCharacter",
			"subtype": "kSimplechar",
			"sublen": 100000000
		},
		{
			"name": "iRemoteIconID",
			"order": 11,
			"type": "kInteger",
			"subtype": "k32bitint",
			"sublen": 0,
			"initval": "1634"
		},
		{
			"name": "iRemoteTaskTotal",
			"order": 24,
			"type": "kInteger",
			"subtype": "kShortint",
			"sublen": 0
		},
		{
			"name": "iServerBusy",
			"order": 13,
			"type": "kBoolean",
			"subtype": 0,
			"sublen": 0,
			"initval": "kFalse"
		},
		{
			"name": "iServerPausedTotal",
			"order": 19,
			"type": "kInteger",
			"subtype": "k32bitint",
			"sublen": 0
		},
		{
			"name": "iServerPauseTime",
			"order": 21,
			"type": "kDate",
			"subtype": "kDatetime",
			"sublen": 7
		},
		{
			"name": "iServerStartedTotal",
			"order": 20,
			"type": "kInteger",
			"subtype": "k32bitint",
			"sublen": 0
		},
		{
			"name": "iServerStartTime",
			"order": 22,
			"type": "kDate",
			"subtype": "kDatetime",
			"sublen": 7
		},
		{
			"name": "iServerStatusMessage",
			"order": 26,
			"type": "kCharacter",
			"subtype": "kSimplechar",
			"sublen": 100000000
		},
		{
			"name": "iServerTransactions",
			"order": 23,
			"type": "kInteger",
			"subtype": "k32bitint",
			"sublen": 0
		},
		{
			"name": "iTaskList",
			"order": 1,
			"type": "kList",
			"subtype": "",
			"sublen": 0
		},
		{
			"name": "iTaskRef",
			"order": 6,
			"type": "kItemref",
			"subtype": "",
			"sublen": 0
		},
		{
			"name": "iTaskStatus",
			"order": 5,
			"type": "kCharacter",
			"subtype": "kSimplechar",
			"sublen": 100000000
		},
		{
			"name": "iTotalConnections",
			"order": 15,
			"type": "kInteger",
			"subtype": "k32bitint",
			"sublen": 0
		},
		{
			"name": "iTotBytesRecd",
			"order": 31,
			"type": "kInteger",
			"subtype": "k32bitint",
			"sublen": 0
		},
		{
			"name": "iTotBytesSent",
			"order": 32,
			"type": "kInteger",
			"subtype": "k32bitint",
			"sublen": 0
		}
	],
	"properties": {
		"aligntogrid": false,
		"alpha": 255,
		"backcolor": "kColor3DFace",
		"backgroundskin": 0,
		"backgroundskinalign": "kPALtopLeft",
		"backgroundtheme": "kBGThemeWindow",
		"backpattern": 0,
		"bringinfront": false,
		"clickbehind": true,
		"closebox": true,
		"collectperformancedata": false,
		"componenticon": 0,
		"componenttype": "kCompStoreHidden",
		"contextmenu": "",
		"createdate": "2017-10-29 21:18:56",
		"desc": "",
		"dockingedge": "kBorderChisel",
		"dropmode": "kAcceptNone",
		"edgefloat": "kEFnone",
		"editor": "",
		"editordata": "",
		"effect": "kBorderNone",
		"enablemenuandtoolbars": true,
		"external": true,
		"forecolor": "kColor3DFace",
		"growbox": true,
		"hasmenus": false,
		"hasstatusbar": false,
		"height": 361,
		"helpbutton": false,
		"helpfile": 0,
		"horzgrid": 8,
		"horzscroll": false,
		"inheritedorder": 1,
		"issubwindow": false,
		"issupercomponent": false,
		"keepclicks": true,
		"left": 510,
		"menuedge": "kBorderChisel",
		"menunames": "",
		"minimizebox": true,
		"minimizeiconid": 1718,
		"moddate": "2018-05-20 14:32:44",
		"modelessdata": true,
		"showascheckedout": true,
		"showcommands": false,
		"showgrid": false,
		"showtitle": false,
		"sizetogrid": false,
		"startfield": 0,
		"statusbarpos": "kSBPosBottom",
		"statusedge": "kBorderChisel",
		"style": "kTitle",
		"title": {
			"type": 0,
			"calc": "Omnis Web Client Server rtMonitor"
		},
		"toolbarnames": "",
		"toolbaroptions": "kTBOptionNone",
		"toolbarpos": "kDockingAreaNone",
		"top": 285,
		"userinfo": "",
		"usesheets": false,
		"version": "0.1",
		"vertgrid": 8,
		"vertscroll": false,
		"width": 638,
		"zoombox": true
	},
	"statusbar": {
		"properties": {
			"fieldstyle": "",
			"font": 1,
			"fontsize": 0,
			"helppane": 0
		}
	}
}
