[
	{
		"name": "$construct",
		"ident": 1,
		"order": 1,
		"pvardefs": [

		],
		"lvardefs": [

		]
	},
	{
		"name": "$destruct",
		"ident": 2,
		"order": 2,
		"pvardefs": [

		],
		"lvardefs": [

		]
	},
	{
		"name": "$addconnection",
		"ident": 0,
		"order": 3,
		"pvardefs": [
			{
				"name": "pTaskRef",
				"order": 1,
				"type": "kItemref",
				"subtype": "",
				"sublen": 0,
				"param": 1
			},
			{
				"name": "pClassName",
				"order": 4,
				"type": "kCharacter",
				"subtype": "kSimplechar",
				"sublen": 100000000,
				"param": 2
			}
		],
		"lvardefs": [
			{
				"name": "lRow",
				"order": 2,
				"type": "kInteger",
				"subtype": "k32bitint",
				"sublen": 0
			}
		]
	},
	{
		"name": "$removeconnection",
		"ident": 3,
		"order": 4,
		"pvardefs": [
			{
				"name": "pTaskRef",
				"order": 1,
				"type": "kItemref",
				"subtype": "",
				"sublen": 0,
				"param": 1
			}
		],
		"lvardefs": [
			{
				"name": "lRow",
				"order": 2,
				"type": "kItemref",
				"subtype": "",
				"sublen": 0
			}
		]
	},
	{
		"name": "$setstatus",
		"ident": 4,
		"order": 5,
		"pvardefs": [
			{
				"name": "pTaskRef",
				"order": 1,
				"type": "kItemref",
				"subtype": "",
				"sublen": 0,
				"param": 1
			},
			{
				"name": "pBusy",
				"order": 2,
				"type": "kBoolean",
				"subtype": 0,
				"sublen": 0,
				"param": 2
			}
		],
		"lvardefs": [
			{
				"name": "lRow",
				"order": 3,
				"type": "kItemref",
				"subtype": "",
				"sublen": 0
			}
		]
	},
	{
		"name": "$clearLog",
		"ident": 6,
		"order": 6,
		"pvardefs": [

		],
		"lvardefs": [

		]
	},
	{
		"name": "$saveLog",
		"ident": 7,
		"order": 7,
		"pvardefs": [

		],
		"lvardefs": [
			{
				"name": "lFileOps",
				"order": 4,
				"type": "kObject",
				"subtype": ".FileOps.FileOps",
				"sublen": 0
			},
			{
				"name": "lNum",
				"order": 5,
				"type": "kInteger",
				"subtype": "k32bitint",
				"sublen": 0
			},
			{
				"name": "lPath",
				"order": 1,
				"type": "kCharacter",
				"subtype": "kSimplechar",
				"sublen": 100000000
			},
			{
				"name": "lText",
				"order": 6,
				"type": "kCharacter",
				"subtype": "kSimplechar",
				"sublen": 100000000
			}
		]
	},
	{
		"name": "$recordAll",
		"ident": 8,
		"order": 8,
		"pvardefs": [

		],
		"lvardefs": [

		]
	},
	{
		"name": "$getRecordingOption",
		"ident": 9,
		"order": 9,
		"pvardefs": [

		],
		"lvardefs": [

		]
	},
	{
		"name": "updateHistory",
		"ident": 5,
		"order": 10,
		"pvardefs": [
			{
				"name": "pTaskRef",
				"order": 1,
				"type": "kItemref",
				"subtype": "",
				"sublen": 0,
				"param": 1
			},
			{
				"name": "pClassName",
				"order": 2,
				"type": "kCharacter",
				"subtype": "kSimplechar",
				"sublen": 100000000,
				"param": 2
			},
			{
				"name": "pEvent",
				"order": 3,
				"type": "kInteger",
				"subtype": "kShortint",
				"sublen": 0,
				"param": 3
			}
		],
		"lvardefs": [

		]
	},
	{
		"name": "updateServerStats",
		"ident": 11,
		"order": 11,
		"pvardefs": [
			{
				"name": "pServerEvent",
				"order": 1,
				"type": "kInteger",
				"subtype": "kShortint",
				"sublen": 0,
				"param": 1
			},
			{
				"name": "pTime",
				"order": 2,
				"type": "kDate",
				"subtype": "kDatetime",
				"sublen": 15,
				"param": 2
			}
		],
		"lvardefs": [

		]
	},
	{
		"name": "$getRecordServerStats",
		"ident": 12,
		"order": 12,
		"pvardefs": [

		],
		"lvardefs": [

		]
	},
	{
		"name": "$setRecordServerStats",
		"ident": 13,
		"order": 13,
		"pvardefs": [
			{
				"name": "pRecordServerStats",
				"order": 1,
				"type": "kBoolean",
				"subtype": 0,
				"sublen": 0,
				"param": 1
			}
		],
		"lvardefs": [

		]
	},
	{
		"name": "$getReportData",
		"ident": 14,
		"order": 15,
		"pvardefs": [
			{
				"name": "pCompletedConnections",
				"order": 1,
				"type": "kFieldreference",
				"subtype": 0,
				"sublen": 0,
				"param": 1
			},
			{
				"name": "pDisconnectionsTotal",
				"order": 2,
				"type": "kFieldreference",
				"subtype": 0,
				"sublen": 0,
				"param": 2
			},
			{
				"name": "pRefusedConnections",
				"order": 3,
				"type": "kFieldreference",
				"subtype": 0,
				"sublen": 0,
				"param": 3
			},
			{
				"name": "pRemoteTaskTotal",
				"order": 4,
				"type": "kFieldreference",
				"subtype": 0,
				"sublen": 0,
				"param": 4
			},
			{
				"name": "pServerPausedTotal",
				"order": 5,
				"type": "kFieldreference",
				"subtype": 0,
				"sublen": 0,
				"param": 5
			},
			{
				"name": "pServerPauseTime",
				"order": 6,
				"type": "kFieldreference",
				"subtype": 0,
				"sublen": 0,
				"param": 6
			},
			{
				"name": "pServerStartedTotal",
				"order": 7,
				"type": "kFieldreference",
				"subtype": 0,
				"sublen": 0,
				"param": 7
			},
			{
				"name": "pServerStartTime",
				"order": 8,
				"type": "kFieldreference",
				"subtype": 0,
				"sublen": 0,
				"param": 8
			},
			{
				"name": "pServerTransactions",
				"order": 9,
				"type": "kFieldreference",
				"subtype": 0,
				"sublen": 0,
				"param": 9
			},
			{
				"name": "pTotalConnections",
				"order": 10,
				"type": "kFieldreference",
				"subtype": 0,
				"sublen": 0,
				"param": 10
			}
		],
		"lvardefs": [

		]
	},
	{
		"name": "$getClientReportData",
		"ident": 10,
		"order": 16,
		"pvardefs": [

		],
		"lvardefs": [
			{
				"name": "lCurClassLine",
				"order": 5,
				"type": "kInteger",
				"subtype": "kShortint",
				"sublen": 0
			},
			{
				"name": "lCurLine",
				"order": 4,
				"type": "kInteger",
				"subtype": "kShortint",
				"sublen": 0
			},
			{
				"name": "lNum",
				"order": 3,
				"type": "kInteger",
				"subtype": "kShortint",
				"sublen": 0
			},
			{
				"name": "lReportRef",
				"order": 1,
				"type": "kItemref",
				"subtype": "",
				"sublen": 0
			},
			{
				"name": "lTaskNum",
				"order": 2,
				"type": "kInteger",
				"subtype": "kShortint",
				"sublen": 0
			}
		]
	},
	{
		"name": "$showInfo",
		"ident": 15,
		"order": 17,
		"pvardefs": [

		],
		"lvardefs": [

		]
	}
]
