{
	"ident": 1010,
	"order": 9,
	"objtype": "kComponent",
	"componentlib": "jsButton",
	"componentctrl": "Button Control",
	"properties": {
		"::vertical": false,
		"alpha": 255,
		"bordercolor": "kColorDefault",
		"buttonalpha": 255,
		"buttonbackiconid": 0,
		"buttonborderradius": 5,
		"buttoncolor": "kColorDefault",
		"contextmenu": "",
		"cssclassname": "",
		"desgroup": 0,
		"designactive": true,
		"deslock": false,
		"disabledefaultcontextmenu": false,
		"disablesystemfocus": false,
		"dropmode": "kAcceptNone",
		"enabled": true,
		"events": "evClick",
		"fieldstyle": "CtrlPushButton",
		"font": 1,
		"fontsize": 10,
		"fontstyle": "kPlain",
		"iconid": "k16x16+1935",
		"objlink": 0,
		"preventlayoutanimation": false,
		"text": "Search",
		"textbeforeicon": false,
		"textcolor": "kColorDefault",
		"textishtml": false,
		"tooltip": "",
		"userinfo": "",
		"visible": true
	},
	"layout": {
		"320": {
			"left": 4,
			"top": 52,
			"width": 313,
			"height": 32,
			"align": "kCenterJst",
			"dragborder": false,
			"edgefloat": "kEFright",
			"errortextpos": "kJSErrorTextPosUnder",
			"visible": true
		},
		"768": {
			"left": 274,
			"top": 24,
			"width": 107,
			"height": 25,
			"align": "kCenterJst",
			"dragborder": false,
			"edgefloat": "kEFnone",
			"errortextpos": "kJSErrorTextPosUnder",
			"visible": true
		}
	}
}
