{
	"ident": 1007,
	"order": 4,
	"objtype": "kComponent",
	"componentlib": "jsEdit",
	"componentctrl": "Edit Control",
	"properties": {
		"::contenttip": "",
		"alpha": 255,
		"autocapitalize": "kJSAutoCapitalizeSentences",
		"autocomplete": "",
		"autocorrect": true,
		"autoscroll": true,
		"backalpha": 255,
		"backcolor": "RGB(255,255,255)",
		"bordercolor": "kColorDefault",
		"borderradius": "0",
		"contextmenu": "",
		"cssclassname": "",
		"dataname": "irwActorDetail.last_update",
		"dateformat": "kJSFormatNone",
		"dateformatcustom": "",
		"desgroup": 0,
		"designactive": true,
		"deslock": false,
		"disabledefaultcontextmenu": false,
		"disablesystemfocus": false,
		"dragmode": "kNoDragging",
		"dropmode": "kAcceptNone",
		"effect": "kJSborderDefault",
		"enabled": true,
		"events": "",
		"fieldstyle": "CtrlEditText",
		"font": 1,
		"fontsize": 10,
		"fontstyle": "kPlain",
		"horzscroll": false,
		"inputtype": "kJSInputTypeDefault",
		"inputtypetouchonly": true,
		"ispassword": false,
		"issingleline": true,
		"keyeventdelay": 0,
		"linestyle": 1,
		"linkedobject": "",
		"negallowed": true,
		"numberformat": "",
		"objlink": 0,
		"preventlayoutanimation": false,
		"systemkeys": false,
		"textcolor": "kColorDefault",
		"tooltip": "",
		"uppercase": false,
		"userinfo": "",
		"vertscroll": false,
		"visible": true,
		"zeroempty": true
	},
	"layout": {
		"320": {
			"left": 155,
			"top": 30,
			"width": 152,
			"height": 25,
			"align": "kLeftJst",
			"dragborder": false,
			"edgefloat": "kEFnone",
			"errortextpos": "kJSErrorTextPosUnder",
			"visible": true
		},
		"768": {
			"left": 155,
			"top": 30,
			"width": 152,
			"height": 25,
			"align": "kLeftJst",
			"dragborder": false,
			"edgefloat": "kEFnone",
			"errortextpos": "kJSErrorTextPosUnder",
			"visible": true
		}
	}
}
